PARAMETER,YEAR,LAT,LON,JAN,FEB,MAR,APR,MAY,JUN,JUL,AUG,SEP,OCT,NOV,DEC,ANN
ALLSKY_SFC_SW_DWN,1984,10.5,75.5,18.8,20.18,21.28,21.57,21.08,15.18,16.07,18.07,19.74,19.26,18.39,18.11,18.97
ALLSKY_SFC_SW_DWN,1984,10.5,76.5,18.03,18.75,20.53,21.72,21.5,15.22,15.08,18.06,18.98,18.16,18.67,18.77,18.62
ALLSKY_SFC_SW_DWN,1984,10.5,77.5,16.46,16.15,21.12,21.21,22.62,19.01,18.68,20.41,20,18.16,18.66,18.65,19.27
ALLSKY_SFC_SW_DWN,1984,11.5,75.5,18.13,20.04,21.17,21.59,21.42,13.99,16.38,16.95,18.41,19.57,19.28,19.22,18.85
ALLSKY_SFC_SW_DWN,1984,11.5,76.5,17.54,18.93,21.62,21.68,22.57,16.14,14.92,17.42,17.28,18.02,19.1,19.43,18.72
ALLSKY_SFC_SW_DWN,1984,11.5,77.5,16.48,16.08,21.47,21.95,23.56,18.78,18.44,19.91,19.75,17.82,18.22,17.59,19.18
ALLSKY_SFC_SW_DWN,1984,12.5,75.5,18.23,19.84,20.87,21.55,21.27,14.39,14.64,16.59,17.72,17.91,19.44,19.16,18.46
ALLSKY_SFC_SW_DWN,1984,12.5,76.5,18.42,20.02,21.62,23,22.59,17.17,15.78,18.15,17.96,17.99,19.06,20.28,19.33
ALLSKY_SFC_SW_DWN,1984,12.5,77.5,17.78,17.07,23.15,22.53,23.02,17.92,17.23,19.94,18.76,17.12,17.71,17.8,19.18
ALLSKY_SFC_SW_DWN,1984,8.5,75.5,17.62,18.73,21.39,21.13,18.93,16.98,17.76,19.67,20.76,20.63,19.25,19.03,19.33
ALLSKY_SFC_SW_DWN,1984,8.5,76.5,17.52,16.51,19.58,17.38,18.67,17.15,18.15,20.18,20.49,19.27,17.75,18.28,18.42
ALLSKY_SFC_SW_DWN,1984,8.5,77.5,16.18,15.88,20.33,18.7,20.3,18.05,18.94,20.92,19.99,17.66,17.67,18.37,18.6
ALLSKY_SFC_SW_DWN,1984,9.5,75.5,18.51,19.73,21.12,21.02,20.24,16.26,16.81,19.1,20.67,20.45,19.29,18.57,19.31
ALLSKY_SFC_SW_DWN,1984,9.5,76.5,18.69,18.64,21.61,19.66,20.24,16.31,15.98,19.42,20.34,18.41,18.15,18.69,18.85
ALLSKY_SFC_SW_DWN,1984,9.5,77.5,16.42,16.11,20.91,19.73,21.77,17.29,16.94,19.36,19.03,16.89,19.53,17.98,18.51
,,,,17.654,18.17733333,21.18466667,20.96133333,21.31866667,16.656,16.78666667,18.94333333,19.32533333,18.488,18.678,18.662,
ALLSKY_SFC_SW_DWN,1985,10.5,75.5,19.48,20.51,22.49,23.33,19.69,14.55,16.91,16.57,20.39,19.56,18.15,18.92,19.2
ALLSKY_SFC_SW_DWN,1985,10.5,76.5,19.74,21.72,22.91,22.75,19.73,13.36,15.16,15.52,18.92,18.87,18,18.03,18.71
ALLSKY_SFC_SW_DWN,1985,10.5,77.5,18.15,21.62,24.54,23.64,21.6,16.96,17.43,17.67,18.74,18.61,16.97,17.93,19.47
ALLSKY_SFC_SW_DWN,1985,11.5,75.5,19.85,21.66,23.05,23.19,20.53,14.28,16.09,16.27,19.34,18.91,19.04,19.27,19.28
ALLSKY_SFC_SW_DWN,1985,11.5,76.5,20.07,22.21,23.95,22.45,21.12,14.38,14.83,15.13,16.59,17.37,17.87,18.05,18.65
ALLSKY_SFC_SW_DWN,1985,11.5,77.5,18.23,21.93,25.24,24.61,22.21,18.07,17.87,17.67,18.42,18.38,17.02,18.65,19.85
ALLSKY_SFC_SW_DWN,1985,12.5,75.5,20.34,21.55,23.35,23.51,21.27,13.25,14.08,14.46,18.37,18.5,19.2,18.18,18.82
ALLSKY_SFC_SW_DWN,1985,12.5,76.5,20.74,22.54,23.13,23.45,22.86,16.6,16.08,16.3,19.07,19.18,18.46,18.95,19.76
ALLSKY_SFC_SW_DWN,1985,12.5,77.5,19.33,22.51,25.91,24.65,23.18,18.24,16.9,16.87,18.38,18.73,17.02,19.67,20.1
ALLSKY_SFC_SW_DWN,1985,8.5,75.5,19.2,20.3,21.8,22.45,18.43,15.08,18.43,18.68,20.1,20.38,17.72,18.61,19.26
ALLSKY_SFC_SW_DWN,1985,8.5,76.5,18.42,18.21,20.19,21.1,17.01,14.98,18.2,16.59,19.86,18.06,16.04,17.18,17.98
ALLSKY_SFC_SW_DWN,1985,8.5,77.5,18.67,20.02,22.59,22.26,19.43,16.82,19.2,18.17,19.3,18.57,16.64,17.35,19.08
ALLSKY_SFC_SW_DWN,1985,9.5,75.5,19.37,20.38,22.04,22.94,18.86,15.09,17.42,18.13,20.52,20.34,18.41,18.42,19.32
ALLSKY_SFC_SW_DWN,1985,9.5,76.5,18.84,20.73,22.39,22.38,17.88,14.49,15.65,16.16,19.06,19.3,16.98,18.9,18.55
ALLSKY_SFC_SW_DWN,1985,9.5,77.5,18.42,21.24,23.01,22.44,20.04,16.56,17.03,16.49,18.21,18.53,16.83,17.54,18.85
ALLSKY_SFC_SW_DWN,1986,10.5,75.5,18.47,20.53,22.18,23.69,21.09,15.13,17.21,19.4,20.29,19.74,18.29,18.33,19.52
ALLSKY_SFC_SW_DWN,1986,10.5,76.5,17.79,19.07,22.06,23.1,19.81,14.74,15.61,16.9,18.24,17.5,17.07,18.36,18.35
ALLSKY_SFC_SW_DWN,1986,10.5,77.5,17.75,20.94,23.66,24.86,21.36,17.46,17.87,19.6,20.15,18.28,17.75,16.55,19.67
ALLSKY_SFC_SW_DWN,1986,11.5,75.5,19.18,21.49,22.19,23.63,21.53,15.15,17.35,18.27,19.05,18.83,17.68,19.07,19.44
ALLSKY_SFC_SW_DWN,1986,11.5,76.5,17.93,19.9,22.82,23.07,20.19,14.73,15.44,16.51,15.96,16.81,16.73,17.94,18.16
ALLSKY_SFC_SW_DWN,1986,11.5,77.5,18,21.2,24.01,25.27,22.06,18.01,18.48,18.74,19.48,18.68,17.26,16.71,19.81
ALLSKY_SFC_SW_DWN,1986,12.5,75.5,18.37,20.39,21.86,23.08,21.6,13.54,14.19,15.83,16.43,18.11,18.17,18.11,18.29
ALLSKY_SFC_SW_DWN,1986,12.5,76.5,18.62,21.33,23.24,23.39,22.38,16.55,16.64,16.9,18.48,19.51,18.22,18.37,19.46
ALLSKY_SFC_SW_DWN,1986,12.5,77.5,18.52,21.51,24.93,26.04,23.67,17.67,17.64,16.93,18.49,18.97,17.55,17.67,19.95
ALLSKY_SFC_SW_DWN,1986,8.5,75.5,18.57,20.65,21.72,22.03,19.73,16.66,17.71,18.73,19.9,20.05,18.56,18.96,19.43
ALLSKY_SFC_SW_DWN,1986,8.5,76.5,18.38,20.63,20.98,21.93,18.77,15.5,16.3,17.66,17.32,18.59,17.2,17.91,18.42
ALLSKY_SFC_SW_DWN,1986,8.5,77.5,18.3,20.48,22.41,22.39,19.92,17.11,17.73,18.68,19.66,18.17,17.8,17.18,19.14
ALLSKY_SFC_SW_DWN,1986,9.5,75.5,18.72,20.61,21.85,22.57,19.91,15.84,17.21,19.36,20.17,19.85,18.71,18.7,19.45
ALLSKY_SFC_SW_DWN,1986,9.5,76.5,19.41,20.92,22.75,23.61,19.87,15.52,16.46,18.51,17.59,17.71,18.28,18.75,19.1
ALLSKY_SFC_SW_DWN,1986,9.5,77.5,18.72,21.09,23.29,24.06,21.02,17.45,16.88,18.19,18.4,17.21,18,17.08,19.27
ALLSKY_SFC_SW_DWN,1987,10.5,75.5,19.31,20.74,22.37,23.39,22.77,14.89,19.48,16.26,20.18,18.4,17.67,18.15,19.46
ALLSKY_SFC_SW_DWN,1987,10.5,76.5,19.74,21.28,22.51,22.64,19.5,15.79,17.34,15.83,19.68,17.94,17.99,16.92,18.91
ALLSKY_SFC_SW_DWN,1987,10.5,77.5,19.39,22.75,24.04,22.66,21.51,18.16,19.47,17.92,19.83,16.79,16.97,15.19,19.53
ALLSKY_SFC_SW_DWN,1987,11.5,75.5,20.27,21.87,23.42,23.73,22.46,15.46,18.88,16.4,20.39,18.14,18.13,18.42,19.78
ALLSKY_SFC_SW_DWN,1987,11.5,76.5,19.99,21.53,23.19,23.44,19.62,16.33,17.53,16.59,19.04,16.62,16.62,16.35,18.88
ALLSKY_SFC_SW_DWN,1987,11.5,77.5,19.15,22.64,23.88,23.55,22.34,18.35,19.11,18.23,19.61,16.87,16.1,14.47,19.5
ALLSKY_SFC_SW_DWN,1987,12.5,75.5,19.4,21.66,23.46,24.11,19.52,14.12,16.6,15.09,18.57,17.63,17.42,16.64,18.66
ALLSKY_SFC_SW_DWN,1987,12.5,76.5,19.84,21.57,23.54,24.51,21.94,17.69,19.08,17.5,20.28,18.5,17.52,16.44,19.85
ALLSKY_SFC_SW_DWN,1987,12.5,77.5,20.04,23,24.18,24.16,22.34,17.53,17.66,16.95,18.73,17.02,15.96,15.1,19.36
ALLSKY_SFC_SW_DWN,1987,8.5,75.5,18.83,20.24,22.33,22.73,21.5,15.91,20.72,17.71,20.59,18.33,18.34,17.7,19.57
ALLSKY_SFC_SW_DWN,1987,8.5,76.5,19.1,21.08,22.75,19.62,19.97,15.71,19.57,15.96,18.79,15.87,15.92,16.99,18.43
ALLSKY_SFC_SW_DWN,1987,8.5,77.5,19.01,22.17,23.35,20.82,20.58,17.03,19.78,17.59,19.34,16.11,16.8,16.6,19.08
ALLSKY_SFC_SW_DWN,1987,9.5,75.5,19.18,20.47,22.32,23.13,22.23,14.64,20.51,16.57,20.27,18.68,17.79,17.62,19.45
ALLSKY_SFC_SW_DWN,1987,9.5,76.5,20.7,22.22,24.1,21.42,21.04,15.32,18.8,15.2,19.33,16.8,17.08,17.25,19.09
ALLSKY_SFC_SW_DWN,1987,9.5,77.5,19.78,22.85,24.21,21.61,21.11,16.61,19.11,16.48,19.02,16.04,16.63,16.29,19.12
ALLSKY_SFC_SW_DWN,1988,10.5,75.5,19.07,20.16,22.51,23.41,20.26,16.7,15.27,15.73,18.6,18.7,18.11,18.55,18.91
ALLSKY_SFC_SW_DWN,1988,10.5,76.5,19.55,20.85,21.42,20.77,19.68,16.73,14.58,15.95,17.35,19.72,18.48,18.93,18.66
ALLSKY_SFC_SW_DWN,1988,10.5,77.5,19.71,21.82,22.19,20.85,20.93,19.04,16.01,16,17.96,18.42,16.74,18.24,18.98
ALLSKY_SFC_SW_DWN,1988,11.5,75.5,19.96,21.24,23.03,23.53,20.17,15.92,14.29,15.2,17.92,20.29,19.92,19.55,19.24
ALLSKY_SFC_SW_DWN,1988,11.5,76.5,20.12,21.05,22.54,21.98,21.46,18.2,14.83,15.68,17.74,19.53,18.38,19.05,19.2
ALLSKY_SFC_SW_DWN,1988,11.5,77.5,19.14,21.84,22.84,21.94,21.37,19.71,16.22,15.51,18.01,18.8,17.66,18.51,19.28
ALLSKY_SFC_SW_DWN,1988,12.5,75.5,19.74,21.31,23.55,22.83,20.62,16.25,13.39,15.25,17.67,20.17,20.16,19.18,19.16
ALLSKY_SFC_SW_DWN,1988,12.5,76.5,19.91,21.45,24.16,23.78,22.65,20.17,16.87,16.77,18.97,20.47,19.85,19.31,20.35
ALLSKY_SFC_SW_DWN,1988,12.5,77.5,20.29,22.02,23.73,22.37,20.95,18.69,15.42,15.04,17.09,19.02,18.87,18.69,19.34
ALLSKY_SFC_SW_DWN,1988,8.5,75.5,19.05,19.79,21.8,22.39,18.84,16.92,16.65,17.16,19.33,21.04,18.23,18.9,19.17
ALLSKY_SFC_SW_DWN,1988,8.5,76.5,19.45,20.41,19.97,18.6,16.76,15.09,15.39,14.95,17.6,20.53,16.41,18.34,17.79
ALLSKY_SFC_SW_DWN,1988,8.5,77.5,19.52,21.17,20.91,19.42,19.25,17.7,16.42,16.01,16.68,19.14,17.13,18.04,18.44
ALLSKY_SFC_SW_DWN,1988,9.5,75.5,18.98,20.35,22.23,22.34,19.5,16.99,16.24,16.42,18.9,20.22,17.48,18.59,19.01
ALLSKY_SFC_SW_DWN,1988,9.5,76.5,20.65,21,20.91,20.55,17.97,16.29,14.09,14.22,17.22,21.06,18.11,19.48,18.45
ALLSKY_SFC_SW_DWN,1988,9.5,77.5,20.09,22.08,21.55,20.05,19.63,18.17,14.85,14.77,15.91,18.17,16.83,18.5,18.37
ALLSKY_SFC_SW_DWN,1989,10.5,75.5,18.99,21.25,22.76,21.93,20.41,15.32,16.27,18.56,18.96,17.86,18.74,19.15,19.17
ALLSKY_SFC_SW_DWN,1989,10.5,76.5,20.13,22.45,22.83,22.55,19.93,15.14,14.93,16.94,18.88,18.15,19.04,18.76,19.12
ALLSKY_SFC_SW_DWN,1989,10.5,77.5,17.47,23.8,23.9,23.87,21.33,18.24,17.65,19.25,18.95,17.77,17.13,17.52,19.71
ALLSKY_SFC_SW_DWN,1989,11.5,75.5,19.73,22.38,23.3,23.12,21.23,15.64,15.93,17.74,19.32,18.08,19.54,19.1,19.57
ALLSKY_SFC_SW_DWN,1989,11.5,76.5,20.49,23.17,22.91,22.9,21.35,16.1,14.36,16.55,18.19,17.2,17.79,18.58,19.1
ALLSKY_SFC_SW_DWN,1989,11.5,77.5,17.45,23.66,24.3,24.47,22.41,18.96,17.25,18.37,18.03,18.49,17.7,17.36,19.84
ALLSKY_SFC_SW_DWN,1989,12.5,75.5,19.66,22.4,22.71,22.71,21.15,14.45,12.98,14.19,18.29,18.21,19.99,18.58,18.75
ALLSKY_SFC_SW_DWN,1989,12.5,76.5,20.18,23.69,23.64,23.69,23.71,17.97,15.69,17.34,18.21,17.93,19.56,18.22,19.96
ALLSKY_SFC_SW_DWN,1989,12.5,77.5,17.79,24.2,24.48,24.59,23.1,18.31,16.14,16.89,17.81,18.53,18.27,17.75,19.79
ALLSKY_SFC_SW_DWN,1989,8.5,75.5,18.58,20.67,22.66,21.55,17.5,15.51,16.25,18.83,19.05,19.96,19.11,19.18,19.06
ALLSKY_SFC_SW_DWN,1989,8.5,76.5,17.73,20.08,22,20.68,16.65,14.45,16.12,16.83,17.36,18.4,17.31,18.86,18.03
ALLSKY_SFC_SW_DWN,1989,8.5,77.5,17.34,22.25,23.21,21.88,18.48,15.85,16.62,17.73,18.41,17.88,17.21,18.08,18.72
ALLSKY_SFC_SW_DWN,1989,9.5,75.5,18.74,21.04,22.66,21.18,19.17,14.98,16.5,17.38,18.91,18.63,18.88,18.84,18.9
ALLSKY_SFC_SW_DWN,1989,9.5,76.5,19.16,22.43,23.49,21.74,17.41,14.78,15.43,16.5,16.92,18.53,18.85,19.41,18.7
ALLSKY_SFC_SW_DWN,1989,9.5,77.5,17.85,23.64,23.97,22.41,19.13,15.95,16.26,16.95,17.68,17.43,17.51,18.25,18.89
ALLSKY_SFC_SW_DWN,1990,10.5,75.5,18.81,21.17,22.3,22.36,16.04,16.57,14.36,17.43,19.58,18.41,17.34,17.69,18.48
ALLSKY_SFC_SW_DWN,1990,10.5,76.5,19.39,21.41,22.62,22.01,16.61,14.99,13.91,15.31,20.23,17.65,17.55,18.01,18.28
ALLSKY_SFC_SW_DWN,1990,10.5,77.5,19.65,22.2,23.12,23.34,18.86,18.69,17.66,17.35,19.66,16.36,17.62,16.72,19.24
ALLSKY_SFC_SW_DWN,1990,11.5,75.5,19.66,22.04,23.03,23.27,16.42,15.79,13.6,16.13,19.96,18.51,17.4,18.86,18.69
ALLSKY_SFC_SW_DWN,1990,11.5,76.5,19.74,22.58,21.77,22.39,16.97,15.97,14.05,14.65,18.08,16.44,17.69,18.31,18.18
ALLSKY_SFC_SW_DWN,1990,11.5,77.5,20.16,22.47,22.5,23.08,19.13,18.76,17.75,16.88,18.57,16.26,17.54,17.13,19.15
ALLSKY_SFC_SW_DWN,1990,12.5,75.5,19.25,21.87,23.42,23.52,16.94,13.43,12.03,12.46,17.82,17.15,17.94,18.77,17.85
ALLSKY_SFC_SW_DWN,1990,12.5,76.5,19.55,22.23,23.55,23.44,18.81,17.29,15.51,15.47,19.26,17.46,18.73,18.63,19.13
ALLSKY_SFC_SW_DWN,1990,12.5,77.5,20.77,23.09,23.4,23.77,19.64,18.32,16.37,15.58,18.22,16.75,17.93,17.51,19.24
ALLSKY_SFC_SW_DWN,1990,8.5,75.5,19.24,21.26,21.66,21.43,16.4,17.92,16.52,19.06,20.08,18.56,18.16,18.33,19.03
ALLSKY_SFC_SW_DWN,1990,8.5,76.5,18.68,21.2,21.38,19.23,15.39,17.24,15.71,17.41,19.22,17.33,17.61,17.21,18.11
ALLSKY_SFC_SW_DWN,1990,8.5,77.5,19.19,21.33,21.52,21.18,16.97,17.29,16.75,17.55,20.17,17.35,17.66,16.69,18.61
ALLSKY_SFC_SW_DWN,1990,9.5,75.5,19.35,20.98,21.93,22.13,16.23,17.52,15.77,18.13,20.09,19.11,18.3,18.26,18.96
ALLSKY_SFC_SW_DWN,1990,9.5,76.5,19.79,22.23,22.8,20.93,16.1,16.09,15.02,17.03,19.03,18,17.81,18,18.54
ALLSKY_SFC_SW_DWN,1990,9.5,77.5,19.54,22.06,22.05,21.85,17.36,17.12,15.9,16.04,18.59,16.9,17.48,16.86,18.45
ALLSKY_SFC_SW_DWN,1991,10.5,75.5,19.06,20.48,21.87,22.18,20.31,12.5,14.88,16.25,20.24,16.39,18.01,18.12,18.34
ALLSKY_SFC_SW_DWN,1991,10.5,76.5,19.02,20.95,22.28,22.31,20.77,12.94,13.51,14.73,19.74,17.46,17.9,18.28,18.3
ALLSKY_SFC_SW_DWN,1991,10.5,77.5,18.43,21.92,23.98,23.11,22.53,16.67,15.01,17.74,21.03,16.5,15.57,16.67,19.07
ALLSKY_SFC_SW_DWN,1991,11.5,75.5,20.15,21.44,22.64,22.2,21.09,13.39,13.79,16.28,20.19,16.75,18.66,19.34,18.81
ALLSKY_SFC_SW_DWN,1991,11.5,76.5,19.31,22.2,22.87,21.7,21.11,13.94,13.31,15.02,17.89,16.4,17.1,18,18.21
ALLSKY_SFC_SW_DWN,1991,11.5,77.5,18.42,22.81,24.37,22.8,22.47,17.57,15.81,16.97,20.13,16.09,15.29,16.99,19.12
ALLSKY_SFC_SW_DWN,1991,12.5,75.5,19.27,21.46,23.15,22.44,21.59,12.21,11.51,14.28,18.98,16.57,17.53,18.47,18.1
ALLSKY_SFC_SW_DWN,1991,12.5,76.5,19.95,22.27,23.62,23.99,23.23,15.81,14.42,15.83,19.64,17.23,17.16,18.59,19.29
ALLSKY_SFC_SW_DWN,1991,12.5,77.5,19.85,23.37,24.99,24.17,23.19,17.25,15.22,16.12,18.85,15.6,15.37,16.81,19.2
ALLSKY_SFC_SW_DWN,1991,8.5,75.5,18.39,20.26,21.51,21.36,19.75,14.05,15.94,17.08,20.95,16.33,19.07,18.54,18.59
ALLSKY_SFC_SW_DWN,1991,8.5,76.5,18.09,21.15,20.54,19.94,17.77,13.86,15.25,15.26,20.24,15.11,16.42,17,17.52
ALLSKY_SFC_SW_DWN,1991,8.5,77.5,18.35,21.13,21.85,20.87,19.75,15.45,14.77,16.22,21.42,16.72,17.25,17.65,18.43
ALLSKY_SFC_SW_DWN,1991,9.5,75.5,18.54,20.37,21.45,21.93,20.34,12.98,15.7,16.72,20.37,17.17,18.64,18.45,18.54
ALLSKY_SFC_SW_DWN,1991,9.5,76.5,19.25,22.75,22.55,22.38,20,13.67,12.74,14.99,20.13,16.37,18.1,18.11,18.38
ALLSKY_SFC_SW_DWN,1991,9.5,77.5,18.82,22.11,23.38,22.26,20.99,15.03,13.54,15.58,20.42,16.38,16.76,17.08,18.5
ALLSKY_SFC_SW_DWN,1992,10.5,75.5,19.45,20.5,22.56,23.32,20.17,14.87,12.79,17.41,18.23,16.47,16.21,18.79,18.39
ALLSKY_SFC_SW_DWN,1992,10.5,76.5,19.48,21.03,23.72,22.57,19.62,15.27,14.63,15.72,17.31,16.92,16.69,18.46,18.44
ALLSKY_SFC_SW_DWN,1992,10.5,77.5,20.43,23,25.13,23.28,21.78,17.4,16.76,17.44,18.68,16.57,15.36,16.58,19.36
ALLSKY_SFC_SW_DWN,1992,11.5,75.5,20.2,21.4,23.38,23.9,20.55,14.63,13.44,15.18,17.65,17.88,16.31,19.68,18.68
ALLSKY_SFC_SW_DWN,1992,11.5,76.5,19.86,21.34,25.1,24.03,19.94,15.25,15.87,16.05,16.46,17.34,16.32,18.7,18.85
ALLSKY_SFC_SW_DWN,1992,11.5,77.5,20.17,22.31,25.3,23.73,22.28,18.13,16.77,17.03,18.01,16.8,15.02,17.11,19.38
ALLSKY_SFC_SW_DWN,1992,12.5,75.5,19.71,20.85,23.88,23.58,19.86,14.52,13.57,13.2,16.03,18.19,16.36,18.85,18.21
ALLSKY_SFC_SW_DWN,1992,12.5,76.5,19.88,21.16,24.57,24.57,22.28,17.18,16.47,16.16,17.96,18.24,17.22,18.96,19.55
ALLSKY_SFC_SW_DWN,1992,12.5,77.5,20.23,22.23,24.84,24.25,22.17,17.58,15.92,16.03,16.46,16.77,15.5,18.17,19.17
ALLSKY_SFC_SW_DWN,1992,8.5,75.5,19.38,19.76,22.49,21.95,18.63,16.57,15.39,18.63,19.38,19.48,18.25,18.7,19.05
ALLSKY_SFC_SW_DWN,1992,8.5,76.5,19.23,20.37,21.74,20.96,17.51,15.22,14.72,16,18.71,16.26,14.29,18.09,17.75
ALLSKY_SFC_SW_DWN,1992,8.5,77.5,19.93,22.25,24.8,21.87,19.1,17.14,16.54,17.4,18.65,16.97,14.82,17.17,18.88
ALLSKY_SFC_SW_DWN,1992,9.5,75.5,19.39,19.71,22.29,22.73,18.96,16.41,14.17,18.64,19.03,17.81,17.39,18.62,18.76
ALLSKY_SFC_SW_DWN,1992,9.5,76.5,21.11,22.41,24.34,22.5,19.61,15.64,14.95,15.65,17.78,16.65,15.56,19.02,18.76
ALLSKY_SFC_SW_DWN,1992,9.5,77.5,20.57,23.02,25.11,22.64,20.11,16.43,15.42,16.23,17.52,16.12,15.08,17.38,18.79
ALLSKY_SFC_SW_DWN,1993,10.5,75.5,19.1,20.4,22.14,23.79,19.85,15.61,15.57,19.51,19.31,16.91,16.51,17.41,18.83
ALLSKY_SFC_SW_DWN,1993,10.5,76.5,19.34,20.72,22.54,22.99,18.67,16.35,14.75,17.1,19.71,15.71,16.43,17.15,18.43
ALLSKY_SFC_SW_DWN,1993,10.5,77.5,19.09,21.89,23.26,23.69,21.55,18.4,16.59,17.89,19.64,14.91,14.04,13.67,18.69
ALLSKY_SFC_SW_DWN,1993,11.5,75.5,19.57,21.59,22.5,23.63,20.84,15.25,14.92,17.51,19.88,16.38,17.61,18.29,18.97
ALLSKY_SFC_SW_DWN,1993,11.5,76.5,19.78,22.04,21.97,23.65,20.82,17.58,15.13,16.89,19.32,16.36,16.74,17.35,18.94
ALLSKY_SFC_SW_DWN,1993,11.5,77.5,19.16,21.98,23.08,24.53,21.78,19.03,16.52,17.09,18.7,15.22,14.88,14.17,18.81
ALLSKY_SFC_SW_DWN,1993,12.5,75.5,19.62,21.74,22.37,23.1,19.91,15.71,12.59,14.91,18.07,16.52,17.91,17.54,18.3
ALLSKY_SFC_SW_DWN,1993,12.5,76.5,19.7,22.05,23.28,24.32,21.42,19.93,16.52,17.38,20.15,18.23,17.99,18.1,19.9
ALLSKY_SFC_SW_DWN,1993,12.5,77.5,19.71,22.39,22.71,24.23,22.76,18.49,15.74,15.84,18.01,15.67,15.65,15.13,18.83
ALLSKY_SFC_SW_DWN,1993,8.5,75.5,19.06,20.13,22.11,22.81,19.12,17.43,15.74,19.12,20.34,18.87,17.19,17.59,19.11
ALLSKY_SFC_SW_DWN,1993,8.5,76.5,18.12,21.66,21.85,20.49,17.29,16.2,15.17,16.6,19.13,15.09,13.74,15.11,17.51
ALLSKY_SFC_SW_DWN,1993,8.5,77.5,18.43,21.84,22.49,21.82,19.01,16.8,15.2,17.79,19.85,14.44,14.12,14.53,18
ALLSKY_SFC_SW_DWN,1993,9.5,75.5,18.2,19.69,21.52,23.3,19.29,16.25,15.17,19.37,19.57,17.2,16.3,17.13,18.57
ALLSKY_SFC_SW_DWN,1993,9.5,76.5,19.31,22.35,23.18,23.3,18.5,15.11,13.56,16.7,18.55,15.37,15.6,16.81,18.16
ALLSKY_SFC_SW_DWN,1993,9.5,77.5,18.78,22.24,23.32,22.89,20.05,16.44,14.78,16.54,18.4,14.49,14.26,14.36,18.01
ALLSKY_SFC_SW_DWN,1994,10.5,75.5,18.9,20.48,22.48,21.02,20.18,15.05,12.98,15.84,20.29,16.77,17.08,18.06,18.24
ALLSKY_SFC_SW_DWN,1994,10.5,76.5,18.84,20.77,23.23,21.41,20.49,14.36,13,17.02,19.76,18.54,19.03,18.88,18.76
ALLSKY_SFC_SW_DWN,1994,10.5,77.5,18.57,20.45,24.37,21.6,22.31,17.25,15.5,17.08,20.3,17.48,15.46,17.87,19.01
ALLSKY_SFC_SW_DWN,1994,11.5,75.5,19.19,21.43,22.44,21.05,21.2,13.57,12.37,17.25,21.15,18.57,18.65,19.2,18.82
ALLSKY_SFC_SW_DWN,1994,11.5,76.5,19.56,22.15,24.17,21.31,21.47,16.14,13.65,17.27,20.05,19,18.51,19.31,19.36
ALLSKY_SFC_SW_DWN,1994,11.5,77.5,18.64,20.62,24.56,22.24,22.62,17.86,15.8,17.62,19.16,17.89,15.93,18.1,19.25
ALLSKY_SFC_SW_DWN,1994,12.5,75.5,19.16,21.63,23.23,21.81,20.66,14,11.41,14.46,18.66,19.36,19.13,19.3,18.54
ALLSKY_SFC_SW_DWN,1994,12.5,76.5,20.1,22.14,24.48,23.16,21.97,17.84,15.74,18.53,20.56,18.98,18.93,19.56,20.15
ALLSKY_SFC_SW_DWN,1994,12.5,77.5,19.29,20.37,24.8,22.92,22.13,17.49,15.01,16.22,17.98,17.26,16.38,18.71,19.04
ALLSKY_SFC_SW_DWN,1994,8.5,75.5,19.37,19.5,22.76,21.61,19.54,16.83,16.42,17.46,21.23,18.03,18.21,18.64,19.13
ALLSKY_SFC_SW_DWN,1994,8.5,76.5,18.89,20.48,21.42,20,17.02,15.55,14.32,16.09,18.68,15.59,16.44,19.02,17.77
ALLSKY_SFC_SW_DWN,1994,8.5,77.5,18.6,19.94,22.77,20.4,19.75,16.67,15.78,17.01,19.57,16.81,15.69,18.75,18.47
ALLSKY_SFC_SW_DWN,1994,9.5,75.5,18.16,20.16,22.47,21.46,19.76,16.01,14.86,16.6,20.87,17.42,18.27,18.5,18.7
ALLSKY_SFC_SW_DWN,1994,9.5,76.5,19.92,20.99,23.36,20.69,18.39,14.73,13.31,15.73,19.27,17.12,17.35,19.35,18.33
ALLSKY_SFC_SW_DWN,1994,9.5,77.5,19.16,20.58,23.53,20.41,20.2,16.07,14.43,15.89,18.43,16.83,15.7,18.57,18.31
ALLSKY_SFC_SW_DWN,1995,10.5,75.5,18.63,21.08,22.15,21.91,19.44,14.45,14.43,16.54,19.57,19.16,17.22,19.44,18.65
ALLSKY_SFC_SW_DWN,1995,10.5,76.5,19.17,20.63,22.25,21.9,18.3,15.68,14.09,15.73,18.29,19.16,17.83,19.56,18.53
ALLSKY_SFC_SW_DWN,1995,10.5,77.5,16.98,20.42,23.37,22.46,20.04,17.66,15.17,17.14,18.08,17.62,16.52,19.39,18.72
ALLSKY_SFC_SW_DWN,1995,11.5,75.5,19.51,21.61,23,23.51,19.14,14.06,13.35,16.26,19.38,19.45,19.12,20.08,19.02
ALLSKY_SFC_SW_DWN,1995,11.5,76.5,19.78,21.39,22.64,22.99,18.68,17,13.99,15.86,18.2,18.46,17.13,20.02,18.82
ALLSKY_SFC_SW_DWN,1995,11.5,77.5,16.81,21.07,23.45,23.79,20.68,18.45,15.52,17.18,18.33,17.38,16.26,19.68,19.03
ALLSKY_SFC_SW_DWN,1995,12.5,75.5,19.12,21.41,23.25,22.98,18.9,15.32,11.49,14.93,17.74,18.17,18.73,19.74,18.46
ALLSKY_SFC_SW_DWN,1995,12.5,76.5,19.18,21.65,23.49,23.96,20.35,18.89,15.3,16.99,19.49,18.37,19.08,20.28,19.73
ALLSKY_SFC_SW_DWN,1995,12.5,77.5,17.51,22.34,23.57,24.07,20.65,18.35,15.29,16.85,17.84,17.52,17.69,19.28,19.22
ALLSKY_SFC_SW_DWN,1995,8.5,75.5,18.4,20.41,22.26,21,18.26,16.56,16.91,18.94,20.79,20.22,18.16,19.85,19.31
ALLSKY_SFC_SW_DWN,1995,8.5,76.5,18.49,19.7,21.18,20.07,17.3,15.28,15.72,18.78,19.89,17.74,16.03,19.61,18.31
ALLSKY_SFC_SW_DWN,1995,8.5,77.5,18.1,19.8,22.56,19.9,18.33,16.29,15.84,17.66,19.35,17.26,16.59,19.5,18.42
ALLSKY_SFC_SW_DWN,1995,9.5,75.5,18.29,20.88,22.01,21.22,18.71,15.64,15.23,17.9,19.7,19.64,18.35,19.57,18.91
ALLSKY_SFC_SW_DWN,1995,9.5,76.5,19.56,21.61,23.23,21.48,17.86,15.67,14.07,16.09,18.86,18.12,17.07,19.71,18.59
ALLSKY_SFC_SW_DWN,1995,9.5,77.5,18.04,20.42,23.47,20.9,18.46,16.02,14.1,15.88,17.75,16.52,16.26,19.57,18.1
ALLSKY_SFC_SW_DWN,1996,10.5,75.5,19.24,21.06,22.61,21.83,20.78,15.72,14.3,16.85,17.92,18.6,19.09,17.34,18.77
ALLSKY_SFC_SW_DWN,1996,10.5,76.5,19.2,20.86,22.83,20.68,20.22,16.43,14.19,15.97,16.98,18.12,18.4,16.57,18.36
ALLSKY_SFC_SW_DWN,1996,10.5,77.5,19.47,21.53,23.64,21.4,21.49,16.9,15.2,16.59,17.61,16.61,16.4,15.36,18.51
ALLSKY_SFC_SW_DWN,1996,11.5,75.5,19.94,21.72,22.92,22.35,22.04,16.14,14.9,17.08,18.58,18.01,19.66,18.2,19.28
ALLSKY_SFC_SW_DWN,1996,11.5,76.5,19.47,21.17,23.88,21.46,21.05,16.98,15.15,15.89,16.15,16.74,17.73,16.58,18.51
ALLSKY_SFC_SW_DWN,1996,11.5,77.5,19.14,21.1,23.95,22.18,22.57,17.77,15.47,16.34,16.8,16.35,16.32,15.47,18.61
ALLSKY_SFC_SW_DWN,1996,12.5,75.5,18.99,21.11,23.42,22.27,21.46,15.89,14.55,14.09,17.4,17.8,18.65,17.4,18.57
ALLSKY_SFC_SW_DWN,1996,12.5,76.5,19.64,21.92,24.25,23.2,23.17,18.9,17.21,16.5,18.2,18.41,18.33,17.14,19.73
ALLSKY_SFC_SW_DWN,1996,12.5,77.5,19.43,22.15,24.13,24.39,23.71,17.35,15.55,15.94,16.84,16.32,16.7,15.52,18.99
ALLSKY_SFC_SW_DWN,1996,8.5,75.5,18.34,20.73,22.57,21.22,20.68,15.94,15.69,18,19.06,20.26,18.73,17.08,19.02
ALLSKY_SFC_SW_DWN,1996,8.5,76.5,18.69,20.72,22.34,19.4,19.7,15.64,14.26,17.11,16.21,18.04,17.08,15.29,17.87
ALLSKY_SFC_SW_DWN,1996,8.5,77.5,18.96,20.36,22.4,18.77,19.53,15.13,14.34,16.84,16.3,17.36,16.64,16.13,17.73
ALLSKY_SFC_SW_DWN,1996,9.5,75.5,18.31,20.83,22.29,21.38,21.02,15.4,14.82,17.24,18.24,19.5,19.16,17.67,18.81
ALLSKY_SFC_SW_DWN,1996,9.5,76.5,20.02,20.9,22.68,20.47,20.26,14.49,13.19,15.37,15.88,17.32,17.53,16.69,17.89
ALLSKY_SFC_SW_DWN,1996,9.5,77.5,19.55,21.34,23.19,19.29,19.74,15.28,13.82,15.29,15.24,16,16.61,16.24,17.62
ALLSKY_SFC_SW_DWN,1997,10.5,75.5,19.44,21.48,22.63,23.64,20.83,17.41,14.16,16.66,20.56,20.01,17.61,17.43,19.3
ALLSKY_SFC_SW_DWN,1997,10.5,76.5,19,21.39,22.71,22.25,19.14,17.35,13.66,15.32,19.32,17.79,17.14,16.83,18.46
ALLSKY_SFC_SW_DWN,1997,10.5,77.5,17.9,21.37,23.36,21.61,20.66,18.84,16.12,16.82,19.6,16.89,14.38,14.63,18.49
ALLSKY_SFC_SW_DWN,1997,11.5,75.5,19.8,21.9,22.85,24,21.1,16.92,13.49,16.21,19.46,18.43,18.14,17.44,19.12
ALLSKY_SFC_SW_DWN,1997,11.5,76.5,18.84,22.3,23.2,22.34,19.88,16.78,14.41,15.49,17.77,16.73,16.37,15.89,18.3
ALLSKY_SFC_SW_DWN,1997,11.5,77.5,17.37,21.73,23.6,22.03,21.29,18.99,16.58,16.73,19.02,17.1,14.23,14.68,18.59
ALLSKY_SFC_SW_DWN,1997,12.5,75.5,18.93,21.64,22.7,23.78,21.41,15.08,12.4,14.07,18.46,17.08,16.54,16.94,18.22
ALLSKY_SFC_SW_DWN,1997,12.5,76.5,18.94,22.6,23.93,23.84,23.06,17.92,15.49,16.55,19.04,19.11,17.17,16.85,19.52
ALLSKY_SFC_SW_DWN,1997,12.5,77.5,18.55,21.96,23.65,23.23,22.19,19.21,16.05,16.34,18.18,17.72,14.56,15.46,18.9
ALLSKY_SFC_SW_DWN,1997,8.5,75.5,19.21,20.37,22.34,22.45,19.86,17.87,16.35,18.87,20.06,20.22,18.3,16.99,19.4
ALLSKY_SFC_SW_DWN,1997,8.5,76.5,19.87,19.9,21.9,20.79,17.99,16.37,15.28,16.99,18.67,18.72,16.63,15.66,18.22
ALLSKY_SFC_SW_DWN,1997,8.5,77.5,19.48,20.63,22.12,20.44,18.83,16.84,15.52,16.63,18.78,16.24,14.56,15.38,17.94
ALLSKY_SFC_SW_DWN,1997,9.5,75.5,19.29,20.96,22.51,23.29,20.52,17.82,15.38,17.62,20.81,21.11,18.27,17.15,19.54
ALLSKY_SFC_SW_DWN,1997,9.5,76.5,19.72,21.21,22.9,21.37,18.87,16.02,13.47,15.3,18.72,18.55,16.42,16.48,18.23
ALLSKY_SFC_SW_DWN,1997,9.5,77.5,19.16,21.68,23.05,20.7,19.18,17.37,14.59,15.52,18.63,16.67,14.67,15.17,18
ALLSKY_SFC_SW_DWN,1998,10.5,75.5,18.85,21.01,22.48,23.44,20.76,15.05,16.36,17.74,16.77,15.79,17.79,17.6,18.62
ALLSKY_SFC_SW_DWN,1998,10.5,76.5,18.75,20.22,22.88,22.22,21.8,14.24,14.93,16.13,16.34,15.91,17.25,16.16,18.06
ALLSKY_SFC_SW_DWN,1998,10.5,77.5,17.37,20.46,23.44,22.34,20.46,16.7,18.71,19.44,20.08,17.68,16.75,14.29,18.96
ALLSKY_SFC_SW_DWN,1998,11.5,75.5,19.77,21.67,22.99,23.29,21.03,15.77,15.19,16.84,16.45,15.39,17.44,17.93,18.63
ALLSKY_SFC_SW_DWN,1998,11.5,76.5,19.02,20.57,23.41,22.1,22.09,15.01,15.16,16.1,16.59,16.09,16.24,15.95,18.18
ALLSKY_SFC_SW_DWN,1998,11.5,77.5,17.53,20.1,23.32,22.67,21.4,17.62,17.89,19.22,19.11,17.99,16.3,15.42,19.04
ALLSKY_SFC_SW_DWN,1998,12.5,75.5,19.11,20.96,23.01,23.51,21.77,14.53,12.85,14.61,15.38,15.59,16.85,17.28,17.93
ALLSKY_SFC_SW_DWN,1998,12.5,76.5,19.34,21.12,23.85,23.94,22.25,17.19,16.53,16.82,17.82,17.46,16.73,17.14,19.17
ALLSKY_SFC_SW_DWN,1998,12.5,77.5,18.45,20.76,23.92,22.9,21.39,17.56,17.11,17.72,18.18,17.27,16.42,16.23,18.98
ALLSKY_SFC_SW_DWN,1998,8.5,75.5,18.6,20.77,22.38,22.29,20.48,16.47,17.64,19.22,18.51,17.13,18.55,15.51,18.95
ALLSKY_SFC_SW_DWN,1998,8.5,76.5,19.17,20.97,22.43,21.8,18.34,15.22,18.26,18.83,18.7,16.93,17.69,16.33,18.71
ALLSKY_SFC_SW_DWN,1998,8.5,77.5,17.88,19.94,22.19,20.95,18.38,15.32,18.09,19.37,19.9,18.1,17.13,13.98,18.42
ALLSKY_SFC_SW_DWN,1998,9.5,75.5,18.75,20.84,22.2,22.95,20.83,15.31,17.09,17.96,17.5,15.92,17.8,17.14,18.68
ALLSKY_SFC_SW_DWN,1998,9.5,76.5,18.73,21.21,23.16,21.99,18.49,13.96,16.15,16.83,16.35,15.65,17.67,16.54,18.04
ALLSKY_SFC_SW_DWN,1998,9.5,77.5,18.04,20.33,23.09,21.72,19.1,15.31,17.35,18.61,18.73,17.21,17.35,14.18,18.4
ALLSKY_SFC_SW_DWN,1999,10.5,75.5,20.78,23.11,23.87,20.89,16.54,17.71,15.09,19.07,21.45,16.44,19.27,19.83,19.47
ALLSKY_SFC_SW_DWN,1999,10.5,76.5,20.58,21.98,23.6,20.55,18.04,16.07,14.07,17.5,19.9,15.96,18.37,18.26,18.71
ALLSKY_SFC_SW_DWN,1999,10.5,77.5,20.35,21.82,25.1,23.23,20.99,20.5,18.48,20.13,21.34,16.77,17.47,16.63,20.22
ALLSKY_SFC_SW_DWN,1999,11.5,75.5,20.88,23.09,24.14,22.1,16.23,17.08,13.94,17.26,20.87,17.46,18.98,19.51,19.26
ALLSKY_SFC_SW_DWN,1999,11.5,76.5,21.09,22.94,24.88,23.21,18.02,18.05,14.83,16.71,19.49,15.87,17.84,18.29,19.23
ALLSKY_SFC_SW_DWN,1999,11.5,77.5,20.71,22.89,25.25,24.1,21.71,20.52,18.07,18.94,21.43,17.44,17.92,17.1,20.48
ALLSKY_SFC_SW_DWN,1999,12.5,75.5,20.42,22.88,24.03,22.74,16.21,15.44,11.84,14.68,18.61,17.06,18.47,18.84,18.39
ALLSKY_SFC_SW_DWN,1999,12.5,76.5,21.43,23.64,25.27,24.13,20.31,19.22,15.95,16.88,20.25,17.68,18.07,18.7,20.1
ALLSKY_SFC_SW_DWN,1999,12.5,77.5,21.09,23.33,25.46,24.03,21.52,20.04,16.91,17.66,20.33,17.52,17.71,17.55,20.23
ALLSKY_SFC_SW_DWN,1999,8.5,75.5,19.87,22.65,23.14,19.49,17.35,20.07,17.89,19.25,21.34,15.12,19.04,19.54,19.53
ALLSKY_SFC_SW_DWN,1999,8.5,76.5,20.18,23.37,23.61,19.19,17.41,18.9,18.22,19.55,21.89,15.8,18.98,19.6,19.69
ALLSKY_SFC_SW_DWN,1999,8.5,77.5,19.61,20.63,24.27,20.8,18.89,18.87,18.21,20.15,21.47,16.46,17.04,17.32,19.47
ALLSKY_SFC_SW_DWN,1999,9.5,75.5,20.37,22.47,23.39,19.3,17.16,18.22,16.09,18.26,21.09,16.21,19.38,19.47,19.26
ALLSKY_SFC_SW_DWN,1999,9.5,76.5,20.85,22.48,23.84,18.27,16.37,17.34,14.77,18.06,20.37,15.48,18.93,19.93,18.86
ALLSKY_SFC_SW_DWN,1999,9.5,77.5,20.37,21.44,24.77,21.57,19.11,19.11,17.39,18.97,20.49,16.22,17.64,17.5,19.53
ALLSKY_SFC_SW_DWN,2000,10.5,75.5,20.88,21.14,23.52,21.26,21.15,14.37,18.94,16.71,20.38,17.57,17.45,19.22,19.38
ALLSKY_SFC_SW_DWN,2000,10.5,76.5,19.22,19.83,23.16,21.22,20.82,13.97,16.68,14.53,17.98,17.5,16.96,18.55,18.37
ALLSKY_SFC_SW_DWN,2000,10.5,77.5,17.91,19.56,24.58,23.24,22.76,18.69,19.92,18.56,19.94,18.55,14.93,17.86,19.71
ALLSKY_SFC_SW_DWN,2000,11.5,75.5,20.58,21.56,23.46,21.63,20.8,13.05,18.03,15.65,19.34,18.39,18.26,19.34,19.17
ALLSKY_SFC_SW_DWN,2000,11.5,76.5,19.45,20.08,24.12,22.07,21.19,14.79,17.15,14.85,17.28,17.66,17.16,19,18.74
ALLSKY_SFC_SW_DWN,2000,11.5,77.5,18.8,20.2,25.08,24.15,23.29,18,19.17,17.83,19.93,19.18,16.4,18.43,20.04
ALLSKY_SFC_SW_DWN,2000,12.5,75.5,19.73,21.33,24.76,22.38,19.68,12.64,15.22,13.45,17.09,17.48,18.86,18.92,18.45
ALLSKY_SFC_SW_DWN,2000,12.5,76.5,19.88,20.99,25.4,24.3,22.36,16.54,17.78,16.37,18.93,18.04,18.08,18.91,19.79
ALLSKY_SFC_SW_DWN,2000,12.5,77.5,20.2,20.02,25.21,23.67,23.31,17.45,18.47,16.73,19.24,17.87,17.39,18.68,19.86
ALLSKY_SFC_SW_DWN,2000,8.5,75.5,20.88,20.81,22.22,21.39,19.85,16.56,19.7,17.48,19.45,18.53,16.93,19.17,19.42
ALLSKY_SFC_SW_DWN,2000,8.5,76.5,20.55,21.19,22.62,21.36,20.85,16.99,19.98,16.41,19.53,18.61,16.78,18.64,19.46
ALLSKY_SFC_SW_DWN,2000,8.5,77.5,17.64,19.53,23.18,21.95,21.52,17.36,19.75,16.84,20.13,19.6,14.57,17.82,19.16
ALLSKY_SFC_SW_DWN,2000,9.5,75.5,20.63,20.38,22.86,21.36,20.37,15.01,18.71,17.29,19.24,17.22,16.95,18.33,19.03
ALLSKY_SFC_SW_DWN,2000,9.5,76.5,20.15,20.46,23.55,21.63,20.78,14.26,18.24,15.11,18.25,17.8,17.13,18.47,18.82
ALLSKY_SFC_SW_DWN,2000,9.5,77.5,18.33,20.07,24.06,22.46,21.86,16.94,18.84,15.93,18.98,19.05,15.35,18.09,19.16
ALLSKY_SFC_SW_DWN,2001,10.5,75.5,18.86,21.6,23.97,21.12,19,14.9,15.2,18.9,19.92,18.17,18.44,19.33,19.1
ALLSKY_SFC_SW_DWN,2001,10.5,76.5,18.27,21.09,22.21,19.86,19.82,13.74,14.63,15.16,18.85,16.35,17.43,18.1,17.94
ALLSKY_SFC_SW_DWN,2001,10.5,77.5,17.29,21.97,23.24,20.99,22.88,17.72,19.33,19.84,20.5,17.09,16.65,15.92,19.44
ALLSKY_SFC_SW_DWN,2001,11.5,75.5,18.93,21.33,23.98,21.54,19.15,14.65,14.35,16.48,19.49,18.19,18.22,18.81,18.74
ALLSKY_SFC_SW_DWN,2001,11.5,76.5,18.38,21.83,22.85,20.82,21.75,15.31,15.04,14.71,18.96,16.44,17.33,17.8,18.41
ALLSKY_SFC_SW_DWN,2001,11.5,77.5,18.14,22.36,23.67,22.35,23.84,18.51,18.46,18.11,20.71,17.22,17.66,16.91,19.81
ALLSKY_SFC_SW_DWN,2001,12.5,75.5,18.65,21.49,23.86,21.53,19.83,13.17,12.31,13.33,18.01,17.34,18.22,18.14,17.96
ALLSKY_SFC_SW_DWN,2001,12.5,76.5,18.98,22.49,23.4,23.17,23.47,16.75,15.81,15.66,20.15,17.63,18.4,17.66,19.44
ALLSKY_SFC_SW_DWN,2001,12.5,77.5,18.84,22.75,23.39,22.98,24.76,17.76,16.81,16.55,20.16,16.91,17.54,17.17,19.61
ALLSKY_SFC_SW_DWN,2001,8.5,75.5,18.51,20.82,23.28,19.76,17.91,16.58,16.68,19.12,18.42,19.01,18.74,19.51,19.02
ALLSKY_SFC_SW_DWN,2001,8.5,76.5,18.88,21.83,23.26,19.83,19.05,17.23,17.31,18.61,19.18,18.91,18.11,19.31,19.28
ALLSKY_SFC_SW_DWN,2001,8.5,77.5,17.04,21.02,22.84,18.58,20.45,17.16,18.42,19.31,20.22,18.35,17.17,16.71,18.93
ALLSKY_SFC_SW_DWN,2001,9.5,75.5,18.5,20.93,23.31,20.43,18.04,15.03,15.96,19.15,19.19,18.59,18.25,19.68,18.91
ALLSKY_SFC_SW_DWN,2001,9.5,76.5,18.79,21.68,22.84,19.76,18.78,14.73,15.22,16.99,19.12,17.72,17.96,19.34,18.56
ALLSKY_SFC_SW_DWN,2001,9.5,77.5,17.37,21.88,23.15,19.75,21.48,16.26,17.46,18.18,19.74,17.25,17.17,16.3,18.81
ALLSKY_SFC_SW_DWN,2002,10.5,75.5,19.34,21.85,23.22,23.05,17.6,16.62,18.26,17.11,22.97,15.59,17.21,18.67,19.26
ALLSKY_SFC_SW_DWN,2002,10.5,76.5,18.81,20.85,22.82,21.8,18.3,16.01,16.1,14.88,21.55,15.58,17.26,18.23,18.49
ALLSKY_SFC_SW_DWN,2002,10.5,77.5,17.89,20.15,23.65,23.25,21.59,20.08,20.26,18.84,22.67,16.72,16.56,17.36,19.91
ALLSKY_SFC_SW_DWN,2002,11.5,75.5,19.5,21.41,23.64,23.34,18.76,15.44,17.63,15.36,22.02,15.96,18.4,18.85,19.17
ALLSKY_SFC_SW_DWN,2002,11.5,76.5,19.04,21.39,23.96,23.44,19.9,16.83,16.67,15.06,21.25,16.3,17.34,18.9,19.15
ALLSKY_SFC_SW_DWN,2002,11.5,77.5,18.35,20.86,24.18,24.55,22.38,20.06,19.45,17.97,22.36,17.24,17.76,18.07,20.25
ALLSKY_SFC_SW_DWN,2002,12.5,75.5,19.17,20.94,23.72,23.21,18.71,14.58,15.07,13.67,19.96,16.76,18.77,18.91,18.6
ALLSKY_SFC_SW_DWN,2002,12.5,76.5,19.13,21.83,24.53,25.2,22.12,18.96,17.58,16.4,21.61,17.86,18.04,18.76,20.15
ALLSKY_SFC_SW_DWN,2002,12.5,77.5,18.42,21.99,24.67,25.59,22.93,19.74,19.03,16.82,21.39,17.34,17.52,18.57,20.31
ALLSKY_SFC_SW_DWN,2002,8.5,75.5,19.79,21.55,23.19,22.14,17.27,18.75,18.91,18.94,22.89,16.94,15.56,17.9,19.47
ALLSKY_SFC_SW_DWN,2002,8.5,76.5,19.68,22.09,23.72,22.89,18.32,19.38,18.48,19.15,22.87,16.9,15.58,17.13,19.66
ALLSKY_SFC_SW_DWN,2002,8.5,77.5,18.18,19.81,22.74,20.99,19.77,19.62,19.38,19.28,22.85,16.69,14.33,15.69,19.1
ALLSKY_SFC_SW_DWN,2002,9.5,75.5,19.3,21.41,22.86,22.64,16.63,17.96,18.18,18.41,22.33,16.76,16.59,18.11,19.24
ALLSKY_SFC_SW_DWN,2002,9.5,76.5,19.34,21.75,23.59,22.86,18.31,17.38,16.43,16.72,22.26,16.41,16.87,18.06,19.14
ALLSKY_SFC_SW_DWN,2002,9.5,77.5,18.4,20.39,23.67,22.69,20.35,19.11,18.42,18.23,22.08,16.52,15.95,16.58,19.35
ALLSKY_SFC_SW_DWN,2003,10.5,75.5,20.04,21.05,23.28,21.59,20.5,15.44,13.51,17.3,21.4,16.89,18.4,19.96,19.1
ALLSKY_SFC_SW_DWN,2003,10.5,76.5,19.93,21.37,22.59,21.32,19.63,16.5,14.19,16.52,20.89,16.73,17.39,19.26,18.84
ALLSKY_SFC_SW_DWN,2003,10.5,77.5,19.2,21.36,23.52,22.53,21.68,20.28,17.67,19.88,22.29,17.85,14.53,18.39,19.92
ALLSKY_SFC_SW_DWN,2003,11.5,75.5,19.63,21.41,23.39,22,20.85,14.2,12.83,16.28,21.09,17.06,19,19.85,18.94
ALLSKY_SFC_SW_DWN,2003,11.5,76.5,19.93,21.59,23.29,21.98,21.08,17.63,14.7,16.61,20.96,16.56,17.77,19.81,19.3
ALLSKY_SFC_SW_DWN,2003,11.5,77.5,19.83,21.97,23.93,23.2,22.32,20.65,17.37,19.06,21.58,18.29,16.26,18.81,20.26
ALLSKY_SFC_SW_DWN,2003,12.5,75.5,19.27,21.03,23.16,22.45,21.3,14.32,11.96,14.18,18.5,16.92,19.01,19.61,18.45
ALLSKY_SFC_SW_DWN,2003,12.5,76.5,19.79,21.97,23.8,23.96,23.08,19.37,16.24,16.78,20.06,18.43,18.82,19.41,20.12
ALLSKY_SFC_SW_DWN,2003,12.5,77.5,20.08,22.36,24.07,23.82,22.95,20.4,16.97,17.79,20.62,18.17,17.98,18.79,20.31
ALLSKY_SFC_SW_DWN,2003,8.5,75.5,20.26,21.58,22.39,20.93,20.56,16.82,15.89,19.06,21.74,18.98,17.96,20.41,19.7
ALLSKY_SFC_SW_DWN,2003,8.5,76.5,20.57,22.88,23.27,21.19,20.1,17.95,16.74,18.58,22.27,18.6,17.44,20.1,19.95
ALLSKY_SFC_SW_DWN,2003,8.5,77.5,18.68,20.76,22.45,20.74,20.43,19.52,18.28,19.45,22.37,17.78,14.5,18.45,19.44
ALLSKY_SFC_SW_DWN,2003,9.5,75.5,20.04,20.88,22.86,21.47,19.98,16.07,14.2,17.83,21.23,17.24,18.44,19.79,19.15
ALLSKY_SFC_SW_DWN,2003,9.5,76.5,20.44,21.99,23.29,21.42,18.94,16.9,14.42,16.77,21.22,17.14,17.66,19.63,19.13
ALLSKY_SFC_SW_DWN,2003,9.5,77.5,18.74,21.57,23.13,21.92,20.69,19.65,16.88,18.7,21.67,17.73,14.91,18.27,19.47
ALLSKY_SFC_SW_DWN,2004,10.5,75.5,20.84,22.62,23.19,22.12,16.4,16.47,16.04,18.19,19.83,19.3,18.46,20.15,19.45
ALLSKY_SFC_SW_DWN,2004,10.5,76.5,20.01,22.5,23.07,20.9,15.75,15.55,14.5,16.59,17.68,18.17,17.38,19.18,18.42
ALLSKY_SFC_SW_DWN,2004,10.5,77.5,19.37,23.03,24.37,22.67,18.66,19.59,18.38,20.32,18.66,17.3,14.95,17.7,19.57
ALLSKY_SFC_SW_DWN,2004,11.5,75.5,20.15,22.65,23.36,22.42,15.24,15.23,15.33,17.7,19.17,18.52,18.12,20.16,18.99
ALLSKY_SFC_SW_DWN,2004,11.5,76.5,19.8,23.16,24.35,21.98,16.24,17.46,15.25,16.42,17.57,17.84,17.17,20.18,18.93
ALLSKY_SFC_SW_DWN,2004,11.5,77.5,19.52,23.28,24.88,22.97,18.67,20.41,18.24,19.57,18.58,17.97,16.66,19.11,19.97
ALLSKY_SFC_SW_DWN,2004,12.5,75.5,19.42,22.36,23.46,22.76,15.25,14.44,13.91,14.63,17.82,18.47,18.26,19.97,18.38
ALLSKY_SFC_SW_DWN,2004,12.5,76.5,19.55,23.14,24.69,23.75,18.67,18.68,16.86,17.4,18.93,18.89,17.88,20.24,19.87
ALLSKY_SFC_SW_DWN,2004,12.5,77.5,19.76,23.5,24.87,23.64,18.98,20.2,17.8,18.45,18.86,17.89,17.09,19.92,20.06
ALLSKY_SFC_SW_DWN,2004,8.5,75.5,20.97,21.14,22.47,21.14,17.5,17.64,17.74,19.74,19.59,19.16,17.74,19.24,19.5
ALLSKY_SFC_SW_DWN,2004,8.5,76.5,21.56,22.8,22.99,21.64,17.54,17.92,18.08,19.9,19.18,18.62,17.25,19.39,19.73
ALLSKY_SFC_SW_DWN,2004,8.5,77.5,20.28,22.08,22.6,20.98,18.55,18.58,18.43,20.45,19.4,17.36,14.89,16.82,19.2
ALLSKY_SFC_SW_DWN,2004,9.5,75.5,20.64,21.67,22.36,21.66,16.63,16.88,16.36,18.81,19.62,19.46,18.57,19.57,19.34
ALLSKY_SFC_SW_DWN,2004,9.5,76.5,21.21,22.95,22.96,21.73,15.63,15.89,15.49,17.62,18.37,18.41,17.86,19.54,18.96
ALLSKY_SFC_SW_DWN,2004,9.5,77.5,20.08,22.8,23.52,22.03,17.88,18.34,16.67,18.96,17.73,17.23,15.04,17.07,18.93
ALLSKY_SFC_SW_DWN,2005,10.5,75.5,19.47,23.37,23.79,21.89,20.69,15.24,14.06,19.94,17.93,17.39,16.83,18.56,19.07
ALLSKY_SFC_SW_DWN,2005,10.5,76.5,19.24,22.84,21.89,19.69,19.95,15.04,13.04,17.71,16.66,16.78,15.72,17.49,17.98
ALLSKY_SFC_SW_DWN,2005,10.5,77.5,18.57,22.8,22.57,20.54,21.71,19.03,18.01,21.02,19.72,17.95,13.9,15.83,19.29
ALLSKY_SFC_SW_DWN,2005,11.5,75.5,19.22,23.21,24.02,21.74,21.51,15.29,12.71,17.85,17.58,17.19,16.85,18.63,18.79
ALLSKY_SFC_SW_DWN,2005,11.5,76.5,19.06,23.32,23.2,20.26,21.54,16.22,13.71,16.44,17,15.52,15.62,17.41,18.25
ALLSKY_SFC_SW_DWN,2005,11.5,77.5,19.08,22.71,23.47,21.11,23.07,19.22,17.63,19.25,19.44,17.71,15.13,16.43,19.5
ALLSKY_SFC_SW_DWN,2005,12.5,75.5,18.79,22.67,24.03,21.73,21.88,14.54,12.4,14.79,15.58,16.03,17.11,18.36,18.13
ALLSKY_SFC_SW_DWN,2005,12.5,76.5,18.9,22.95,24.13,22.26,22.83,17.9,16.3,17.16,17.91,16.45,16.32,17.61,19.2
ALLSKY_SFC_SW_DWN,2005,12.5,77.5,19.32,22.94,23.87,22.43,23.33,19.4,16.96,17.91,18.38,16.13,15.44,16.52,19.36
ALLSKY_SFC_SW_DWN,2005,8.5,75.5,18.99,22.89,22.97,20.75,19.5,16.84,17.97,21.97,19.76,19.03,15.82,18.51,19.57
ALLSKY_SFC_SW_DWN,2005,8.5,76.5,19.79,23.57,23.16,21.07,19.91,17.3,17.5,21.97,19.78,18.9,14.9,17.76,19.62
ALLSKY_SFC_SW_DWN,2005,8.5,77.5,18.12,22.75,22.14,19.4,20.2,17.84,17.45,22.06,19.61,18.76,13.27,16.63,19
ALLSKY_SFC_SW_DWN,2005,9.5,75.5,19.13,22.85,23.16,21.31,20.23,16.07,15.69,20.92,18.42,17.96,16.41,18.45,19.2
ALLSKY_SFC_SW_DWN,2005,9.5,76.5,19.92,23.13,22.76,20.49,19.72,15.16,14.36,19.73,17.61,17.73,15.99,17.94,18.69
ALLSKY_SFC_SW_DWN,2005,9.5,77.5,18.53,22.99,22.58,19.97,20.94,17.85,16.66,20.57,18.68,18.32,14.24,16.39,18.96
ALLSKY_SFC_SW_DWN,2006,10.5,75.5,20.49,23.22,23.58,22.49,17.26,17.35,17.46,17.99,17.89,18.1,16.69,18.9,19.26
ALLSKY_SFC_SW_DWN,2006,10.5,76.5,19.69,22.69,22.16,21.03,18.04,16.76,15.29,16.93,15.83,16.37,16.51,18.52,18.29
ALLSKY_SFC_SW_DWN,2006,10.5,77.5,18.41,22.88,22.37,22.95,21.12,20.03,19.13,20.29,18.84,16.98,14.34,17.41,19.54
ALLSKY_SFC_SW_DWN,2006,11.5,75.5,20.46,23.4,23.92,23.22,18.21,16.18,15.96,17.41,16.72,18.15,16.61,19.1,19.09
ALLSKY_SFC_SW_DWN,2006,11.5,76.5,20.58,24.2,22.76,22.14,19.21,17.32,15.98,16.67,16.9,16.16,15.55,19.35,18.87
ALLSKY_SFC_SW_DWN,2006,11.5,77.5,19.69,23.55,23.04,23.37,22.03,20.16,18.88,19.34,19.64,18.07,15.27,17.95,20.06
ALLSKY_SFC_SW_DWN,2006,12.5,75.5,20.31,23.56,23.77,23.11,18.8,15.01,13.64,15.11,16.6,17.17,16.51,19.09,18.52
ALLSKY_SFC_SW_DWN,2006,12.5,76.5,20.64,24.22,23.67,23.83,21.73,19.07,16.79,17.72,18.72,18.18,16.73,18.75,19.97
ALLSKY_SFC_SW_DWN,2006,12.5,77.5,20.45,23.99,23.51,23.56,21.95,19.98,17.54,18.19,18.83,18.2,16.44,18.03,20.03
ALLSKY_SFC_SW_DWN,2006,8.5,75.5,19.16,22.91,22.34,22.07,16.65,18.78,18.04,19.24,17.56,17.05,16.65,18.48,19.05
ALLSKY_SFC_SW_DWN,2006,8.5,76.5,19.38,23.06,22.67,21.95,17.8,19.81,17.69,19.58,18.12,16.99,16.52,18.48,19.31
ALLSKY_SFC_SW_DWN,2006,8.5,77.5,17.73,21.59,21.47,21.78,19.63,20.55,17.43,20.34,18.79,17.32,14.72,17.06,19.02
ALLSKY_SFC_SW_DWN,2006,9.5,75.5,19.72,22.87,22.9,21.78,16.78,18.11,17.56,18.46,17.01,17.41,16.82,18.76,18.99
ALLSKY_SFC_SW_DWN,2006,9.5,76.5,19.9,23.12,22.39,21.22,17.65,18.14,15.85,17.5,16.81,17.04,16.84,19.08,18.77
ALLSKY_SFC_SW_DWN,2006,9.5,77.5,18.4,22.57,22.12,22.41,19.84,19.62,17.49,19.36,17.97,16.93,15.31,17.73,19.12
ALLSKY_SFC_SW_DWN,2007,10.5,75.5,19.88,22.71,23.32,23.07,19.3,14.61,13.57,16.41,15.75,17.46,19.05,18.17,18.58
ALLSKY_SFC_SW_DWN,2007,10.5,76.5,19.43,22.32,23.3,22.16,20.36,15.72,12.82,15.64,14.97,16.6,18.8,17.22,18.25
ALLSKY_SFC_SW_DWN,2007,10.5,77.5,18.8,21.8,24.27,22.45,22.84,18.63,16.99,19.64,18.81,17,18.11,15.38,19.54
ALLSKY_SFC_SW_DWN,2007,11.5,75.5,19.76,22.73,23.38,23.39,20.38,14.63,12.59,15.09,14.94,17.13,19.81,18.51,18.5
ALLSKY_SFC_SW_DWN,2007,11.5,76.5,20.42,22.75,23.81,23.13,21.38,15.96,13.43,15.7,15.14,16.09,18.99,17.14,18.63
ALLSKY_SFC_SW_DWN,2007,11.5,77.5,19.43,22.83,24.45,23.88,23.22,18.68,16.73,18.78,18.9,17.34,19.23,16.01,19.93
ALLSKY_SFC_SW_DWN,2007,12.5,75.5,19.81,22.27,22.87,22.82,20.61,14.05,11.56,13.27,14.47,16.55,19.74,17.95,17.97
ALLSKY_SFC_SW_DWN,2007,12.5,76.5,20.22,22.82,23.81,24.22,22.83,17.8,15.53,16.61,16.94,17.75,19.34,16.99,19.54
ALLSKY_SFC_SW_DWN,2007,12.5,77.5,20.15,22.8,24.53,24.64,23.24,18.42,16.12,17.46,17.78,17.6,19.11,15.91,19.79
ALLSKY_SFC_SW_DWN,2007,8.5,75.5,20.54,22.99,23.21,22.55,20.42,16.81,16.31,18.24,17.79,17.88,18.91,17.79,19.43
ALLSKY_SFC_SW_DWN,2007,8.5,76.5,20.39,23.24,23.76,22.94,20.22,16.91,16.5,18.06,18.04,18.23,18.87,17.53,19.53
ALLSKY_SFC_SW_DWN,2007,8.5,77.5,18.51,21.71,23.26,21.24,21.54,17.37,17.39,19.07,18.31,17.67,17.17,15.82,19.07
ALLSKY_SFC_SW_DWN,2007,9.5,75.5,20.09,22.54,22.95,22.67,19.3,15.03,14.54,17.23,16.95,18.06,19.02,18.01,18.84
ALLSKY_SFC_SW_DWN,2007,9.5,76.5,20.36,22.95,23.45,22.77,19.67,15.93,14.07,16.71,16.35,17.76,18.99,17.81,18.87
ALLSKY_SFC_SW_DWN,2007,9.5,77.5,18.87,21.95,24.25,22.12,22.17,17.23,15.76,18.45,16.69,16.93,17.76,15.69,18.97
ALLSKY_SFC_SW_DWN,2008,10.5,75.5,20.93,20.71,20.83,22.3,20.42,15.01,15.75,18.33,20.12,18.2,17.62,18.8,19.08
ALLSKY_SFC_SW_DWN,2008,10.5,76.5,20.48,20.38,19.78,21.17,20.61,15.75,15.15,16.82,19.19,17.58,16.82,17.64,18.44
ALLSKY_SFC_SW_DWN,2008,10.5,77.5,20.06,20.5,19.18,22.92,22.67,19.14,18.98,19.3,20.8,17.2,15.47,16.03,19.35
ALLSKY_SFC_SW_DWN,2008,11.5,75.5,20.95,20.88,21.09,22.48,21.24,13.88,16.02,16.82,18.94,18.57,18.55,18.56,18.99
ALLSKY_SFC_SW_DWN,2008,11.5,76.5,20.8,19.91,20.58,22.55,21.19,15.99,15.59,15.84,19.01,17.13,17.23,17.95,18.64
ALLSKY_SFC_SW_DWN,2008,11.5,77.5,20.27,20.53,20.45,23.7,23.48,18.91,18.9,18.48,20.75,17.97,16.58,17.2,19.76
ALLSKY_SFC_SW_DWN,2008,12.5,75.5,20.56,20.22,20.64,22.63,21.66,13.72,14.25,14.41,17.92,18.33,18.3,18.67,18.44
ALLSKY_SFC_SW_DWN,2008,12.5,76.5,20.41,20.05,21.58,24,22.96,17.6,17.1,16.84,20.23,18.29,17.65,18.47,19.59
ALLSKY_SFC_SW_DWN,2008,12.5,77.5,20.31,20.34,21.63,24.04,24,18.42,18.04,17.42,20.55,17.88,16.91,18.02,19.79
ALLSKY_SFC_SW_DWN,2008,8.5,75.5,20.93,19.45,18.22,20.58,20.46,17.37,16.03,19.5,21.41,18.26,16.33,17.92,18.87
ALLSKY_SFC_SW_DWN,2008,8.5,76.5,21.1,20.64,18.45,21,20.65,18.61,17.16,19.8,21.25,18.47,16.04,18.36,19.29
ALLSKY_SFC_SW_DWN,2008,8.5,77.5,19.42,19.31,17.13,20.29,22.2,19.44,18.15,18.95,21.66,17.61,14.8,16.22,18.76
ALLSKY_SFC_SW_DWN,2008,9.5,75.5,20.8,19.55,19.7,21.54,20.72,16.33,15.03,18.87,20.57,18.63,16.57,18.86,18.93
ALLSKY_SFC_SW_DWN,2008,9.5,76.5,21.01,20.81,19.24,21.1,20.47,16.75,15.53,18.3,19.84,18.14,16.8,18.51,18.87
ALLSKY_SFC_SW_DWN,2008,9.5,77.5,20.34,20.29,18.05,22.06,22.71,19.02,17.18,18.3,20.48,17.03,15.46,16.55,18.95
ALLSKY_SFC_SW_DWN,2009,10.5,75.5,20.8,22.52,23.06,20.92,18.98,16.09,14.83,18.89,18.43,19.12,17.17,18.08,19.06
ALLSKY_SFC_SW_DWN,2009,10.5,76.5,20.53,22.78,21.91,20.41,19.1,16.58,13.67,16.97,16.72,18.88,16.32,16.89,18.37
ALLSKY_SFC_SW_DWN,2009,10.5,77.5,19.75,23.45,22.37,21.96,21.3,21.06,17.57,20,20.05,19.42,14.77,13.95,19.61
ALLSKY_SFC_SW_DWN,2009,11.5,75.5,20.51,22.62,23.13,21.39,20.39,15.86,12.32,17.47,16.94,19.39,16.96,17.57,18.69
ALLSKY_SFC_SW_DWN,2009,11.5,76.5,20.98,23.48,22.3,21.83,20.19,18.17,13.54,16.97,16.22,18.86,15.51,15.72,18.62
ALLSKY_SFC_SW_DWN,2009,11.5,77.5,20.22,23.76,22.57,23.04,21.51,21.63,17.23,19.96,19.42,19.97,15.37,14.74,19.92
ALLSKY_SFC_SW_DWN,2009,12.5,75.5,20.3,22.38,22.4,20.94,20.25,16.05,10.84,15.51,14.73,18.41,16.3,16.56,17.86
ALLSKY_SFC_SW_DWN,2009,12.5,76.5,20.83,23.47,22.8,23.21,21.69,19.65,15.33,17.6,17.8,19.95,16.14,15.63,19.48
ALLSKY_SFC_SW_DWN,2009,12.5,77.5,20.55,23.8,23.03,24,22.1,21.42,16.34,19.11,18.38,19.68,15.56,15.39,19.92
ALLSKY_SFC_SW_DWN,2009,8.5,75.5,21.26,22.65,23.38,19.9,19.2,17.84,17.65,19.31,20.16,20.43,16.76,17.68,19.67
ALLSKY_SFC_SW_DWN,2009,8.5,76.5,21.18,23.4,23.82,20.39,19.14,18.61,17.77,19.45,20.01,20.73,16.01,17.68,19.83
ALLSKY_SFC_SW_DWN,2009,8.5,77.5,19.59,22.65,21.82,20.49,19.92,19.62,17.36,19.07,19.56,19.27,14.52,15.53,19.09
ALLSKY_SFC_SW_DWN,2009,9.5,75.5,21.12,22.37,23.22,20.39,18.74,16.53,16.68,19.22,19.01,20,17.15,17.72,19.33
ALLSKY_SFC_SW_DWN,2009,9.5,76.5,21.15,23.14,23.29,20.51,18.33,16.91,15.57,18.37,17.76,19.9,16.54,17.97,19.1
ALLSKY_SFC_SW_DWN,2009,9.5,77.5,19.98,23.53,22.73,21.43,20.42,19.8,16.69,18.62,18.13,19.37,15.08,15.21,19.22
ALLSKY_SFC_SW_DWN,2010,10.5,75.5,19.45,21.91,22.93,22.74,19.53,13.96,14.33,16.23,19.57,16.79,16.13,17.62,18.41
ALLSKY_SFC_SW_DWN,2010,10.5,76.5,19.36,21.87,22.84,21.34,18.87,15.83,14.28,14.72,17.19,15.82,14.64,16.47,17.74
ALLSKY_SFC_SW_DWN,2010,10.5,77.5,18.73,22.03,23.84,22.33,20.85,19.29,17,18.17,18.86,18.73,14.32,14.78,19.06
ALLSKY_SFC_SW_DWN,2010,11.5,75.5,19.4,22.02,22.69,22.55,20.24,14.81,13.14,15.81,18.58,15.81,16.2,17.76,18.22
ALLSKY_SFC_SW_DWN,2010,11.5,76.5,19.07,22.42,23.48,22.4,20.49,16.62,14.16,14.93,16.68,16.14,13.8,16,17.99
ALLSKY_SFC_SW_DWN,2010,11.5,77.5,18.87,22.34,24.02,23.38,21.79,19.9,17.08,16.89,18.38,18.07,14.01,15.1,19.13
ALLSKY_SFC_SW_DWN,2010,12.5,75.5,18.8,21.7,22.47,22.16,20.4,14.74,11.73,13.26,16.3,15.72,15.36,17.02,17.44
ALLSKY_SFC_SW_DWN,2010,12.5,76.5,19.02,22.38,23.47,23.76,22.21,18.2,15.07,15.46,18.17,17.35,14.66,16.37,18.82
ALLSKY_SFC_SW_DWN,2010,12.5,77.5,18.92,22.77,23.93,23.94,22.75,19.15,15.98,15.49,17.95,17.72,14.21,15.37,18.99
ALLSKY_SFC_SW_DWN,2010,8.5,75.5,19.73,21.12,22.86,21.67,17.58,16.22,15.98,16.58,19.17,19.12,16.58,17.16,18.63
ALLSKY_SFC_SW_DWN,2010,8.5,76.5,20.2,21.68,23.61,21.56,17.43,17.37,16.44,17.29,19.21,18.64,16.13,16.21,18.79
ALLSKY_SFC_SW_DWN,2010,8.5,77.5,18.65,21.12,22.73,20.5,18.88,17.67,16.2,17.91,19.72,18.54,14.85,14.78,18.44
ALLSKY_SFC_SW_DWN,2010,9.5,75.5,19.38,21.33,22.7,22.47,17.91,15,15.1,16.08,19.36,18.22,16.32,17.31,18.41
ALLSKY_SFC_SW_DWN,2010,9.5,76.5,20.11,21.89,23.3,22.14,17.62,15.87,15.14,15.37,18.13,17.37,15.03,16.4,18.17
ALLSKY_SFC_SW_DWN,2010,9.5,77.5,19.27,22.18,23.95,21.43,19.84,18.11,15.81,15.84,17.88,18.07,14.94,15.09,18.51
ALLSKY_SFC_SW_DWN,2011,10.5,75.5,20.29,22.27,23.89,21.21,20.48,15.64,13.25,14.94,17.81,20.36,17.53,17.73,18.76
ALLSKY_SFC_SW_DWN,2011,10.5,76.5,19.69,21.16,23.57,20.51,20.66,14.56,13.83,14.69,17.41,18.79,17.2,17.33,18.27
ALLSKY_SFC_SW_DWN,2011,10.5,77.5,18.95,20.87,24.5,21.99,22.97,18.91,17.52,18.96,20.63,18.22,15.69,15.98,19.59
ALLSKY_SFC_SW_DWN,2011,11.5,75.5,20.75,22.44,24.13,21.8,22.09,13.65,12.63,14.82,17.76,19.43,17.88,18.2,18.78
ALLSKY_SFC_SW_DWN,2011,11.5,76.5,20.67,21.7,24.5,21.19,21.41,14.73,14.03,14.87,17.9,17.84,16.57,17.4,18.55
ALLSKY_SFC_SW_DWN,2011,11.5,77.5,20.28,21.62,25.15,22.66,23.3,18.5,17.33,17.66,20.14,18.81,16.15,16.44,19.83
ALLSKY_SFC_SW_DWN,2011,12.5,75.5,20.7,22.36,24.12,21.87,22.04,12.6,11.49,12.83,16.75,17.97,17.48,18.31,18.19
ALLSKY_SFC_SW_DWN,2011,12.5,76.5,20.81,22.15,25.01,22.94,23.03,16.97,15.42,16.01,18.79,19.09,17.31,17.45,19.57
ALLSKY_SFC_SW_DWN,2011,12.5,77.5,20.64,21.85,25.19,23.1,23.18,18.23,16.46,16.63,19.7,18.66,16.88,16.8,19.76
ALLSKY_SFC_SW_DWN,2011,8.5,75.5,19.33,20.87,22.67,20.51,18.44,19.45,16.25,17.51,19.73,20.06,17.37,17.31,19.11
ALLSKY_SFC_SW_DWN,2011,8.5,76.5,18.95,20.99,23.76,21.57,19.97,19.17,17.16,18.05,19.73,19.56,16.98,17.24,19.42
ALLSKY_SFC_SW_DWN,2011,8.5,77.5,17.03,20.15,23.19,20.27,21.49,18.76,17.61,19.45,20.27,18.42,15.3,16,18.99
ALLSKY_SFC_SW_DWN,2011,9.5,75.5,19.61,21.23,23.12,21.23,19.18,16.78,13.94,15.55,17.93,20.28,17.35,17.28,18.61
ALLSKY_SFC_SW_DWN,2011,9.5,76.5,19.53,21.25,23.65,21.36,20.1,15.98,14.59,15.41,17.74,19.64,17.38,17.45,18.66
ALLSKY_SFC_SW_DWN,2011,9.5,77.5,18.01,20.63,24.24,21.23,22.5,18.43,16.08,17,19.4,18.32,16.19,16.2,19.01
ALLSKY_SFC_SW_DWN,2012,10.5,75.5,20.24,21.63,21.94,21.41,20.42,15.64,17.82,16.05,19.88,19.42,18.3,18.4,19.26
ALLSKY_SFC_SW_DWN,2012,10.5,76.5,20.34,21.96,21.45,20.7,18.84,15.72,16.37,14.88,18.34,18.29,18.65,17.71,18.59
ALLSKY_SFC_SW_DWN,2012,10.5,77.5,19.75,21.98,22.6,22.04,21.45,19.55,19.74,19.03,20.52,17.22,18.53,16.49,19.9
ALLSKY_SFC_SW_DWN,2012,11.5,75.5,20.39,21.99,23.02,21.42,21.07,15.04,16.28,15.15,19.28,18.59,18.69,18.66,19.12
ALLSKY_SFC_SW_DWN,2012,11.5,76.5,20.76,22.69,23.14,21.05,20.35,16.72,16.15,15.32,18.72,17.36,18.88,18.37,19.11
ALLSKY_SFC_SW_DWN,2012,11.5,77.5,20.31,22.63,23.73,22.76,22.26,20.18,19.04,18.09,20.3,17.61,19.36,17.45,20.29
ALLSKY_SFC_SW_DWN,2012,12.5,75.5,20.08,22.1,23.09,21.48,20,14.14,13.49,13.19,17.36,18.14,18.31,18.25,18.29
ALLSKY_SFC_SW_DWN,2012,12.5,76.5,20.63,22.65,24.01,22.74,22.32,18.36,16.47,16.28,18.99,18.29,18.93,18.47,19.83
ALLSKY_SFC_SW_DWN,2012,12.5,77.5,20.78,23.03,24.08,23.09,22.44,20.08,17.75,17.26,19.6,17.57,19,18.18,20.22
ALLSKY_SFC_SW_DWN,2012,8.5,75.5,20.08,21.33,21.77,19.3,21.58,16.79,18.78,17.67,21.73,18.66,18.19,17.62,19.45
ALLSKY_SFC_SW_DWN,2012,8.5,76.5,20.96,21.66,21.87,20.13,20.64,17.87,19.76,18.11,21.35,18.7,17.57,17.64,19.68
ALLSKY_SFC_SW_DWN,2012,8.5,77.5,20.13,20.5,20.93,19.78,20.94,18.56,20.07,19.59,21.33,16.69,17.02,15.41,19.24
ALLSKY_SFC_SW_DWN,2012,9.5,75.5,19.61,21.6,21.96,20.74,20.71,15.66,18.22,15.98,20.75,19.42,18.19,18.1,19.24
ALLSKY_SFC_SW_DWN,2012,9.5,76.5,20.9,21.87,21.93,20.47,18.89,16.4,17.93,15.77,19.62,19.2,18.43,18.04,19.11
ALLSKY_SFC_SW_DWN,2012,9.5,77.5,20.59,21.62,22.1,21.31,20.7,18.3,19.17,17.91,19.68,17.53,18.35,15.85,19.41
ALLSKY_SFC_SW_DWN,2013,10.5,75.5,20.26,20.91,22.19,22.87,17.77,11.56,13.45,18.95,18.72,18.27,17.21,18.51,18.38
ALLSKY_SFC_SW_DWN,2013,10.5,76.5,20.31,21.34,21.57,21.47,18.19,12.75,12.36,16.34,17.1,17.78,17.45,18.01,17.87
ALLSKY_SFC_SW_DWN,2013,10.5,77.5,20.44,20.84,22.11,22.41,20.92,16.85,16.6,19.65,20.1,19.41,15.87,16.51,19.3
ALLSKY_SFC_SW_DWN,2013,11.5,75.5,20.63,21.16,22.46,23.7,18.66,12.28,12.13,17.05,17.41,17.71,17.84,19.05,18.32
ALLSKY_SFC_SW_DWN,2013,11.5,76.5,21.15,21.46,22.04,22.19,19.9,13.69,12.65,15.93,17.07,17.21,16.58,19.03,18.22
ALLSKY_SFC_SW_DWN,2013,11.5,77.5,21.08,21.45,22.92,23.06,21.68,17.11,15.75,18.68,19.97,19.13,16.94,18.11,19.65
ALLSKY_SFC_SW_DWN,2013,12.5,75.5,20.47,20.94,22.24,23.75,18.88,11.65,10.74,13.95,15.57,16.13,17.95,19.11,17.59
ALLSKY_SFC_SW_DWN,2013,12.5,76.5,21.09,21.72,22.68,24.09,21.31,15.55,14.66,16.33,18,17.51,17.69,19.19,19.14
ALLSKY_SFC_SW_DWN,2013,12.5,77.5,21.51,21.9,23.09,23.79,22.24,16.7,14.94,17.3,18.86,18.15,17.53,18.73,19.55
ALLSKY_SFC_SW_DWN,2013,8.5,75.5,19.72,21.67,22.12,22.57,17.51,13.97,16.42,19.83,18.98,20.53,16.89,18.04,19.01
ALLSKY_SFC_SW_DWN,2013,8.5,76.5,20.39,22.37,22.61,22.72,17.93,14.1,15.84,19.3,19.19,19.75,16.71,17.9,19.05
ALLSKY_SFC_SW_DWN,2013,8.5,77.5,19.5,20.36,21.58,22.24,19.39,15,16.09,19.82,18.86,19.97,15.79,16.06,18.72
ALLSKY_SFC_SW_DWN,2013,9.5,75.5,19.42,21.43,22.14,22.35,18,11.9,14.99,19.35,18.89,19.77,16.86,18.2,18.6
ALLSKY_SFC_SW_DWN,2013,9.5,76.5,20.63,21.72,22.11,22.17,18.27,12.61,14,17.51,17.59,18.91,17.74,18.07,18.43
ALLSKY_SFC_SW_DWN,2013,9.5,77.5,20.27,20.98,21.91,22.35,20.24,14.27,14.83,18.49,18.13,19.19,16,16.23,18.56
ALLSKY_SFC_SW_DWN,2014,10.5,75.5,20.17,21.75,23.28,22.04,20.36,16.52,15.62,15.93,20.57,17.53,16.39,16.75,18.89
ALLSKY_SFC_SW_DWN,2014,10.5,76.5,19.69,20.85,23,20.7,19.1,16.73,14.61,14.99,18.82,16.51,16.25,16.03,18.08
ALLSKY_SFC_SW_DWN,2014,10.5,77.5,18.34,20.56,23.15,22.67,20.3,21,18.78,18.56,20.73,16.31,14.31,13.85,19.03
ALLSKY_SFC_SW_DWN,2014,11.5,75.5,19.95,21.78,23.71,22.14,20.42,16.11,13.48,14.68,19.41,17.59,17.6,16.79,18.61
ALLSKY_SFC_SW_DWN,2014,11.5,76.5,19.84,20.83,23.8,21.69,19.5,18.28,14.43,15.4,18.47,16.14,16.63,15.67,18.37
ALLSKY_SFC_SW_DWN,2014,11.5,77.5,19.33,20.87,23.67,23.42,20.88,20.89,17.63,18.48,20.53,17.12,15.83,14.75,19.43
ALLSKY_SFC_SW_DWN,2014,12.5,75.5,19.65,21.14,23.59,21.47,20.13,16.02,12.01,13.05,16.62,17.48,18.15,16.13,17.93
ALLSKY_SFC_SW_DWN,2014,12.5,76.5,20.01,20.92,23.85,23.21,21.97,19.87,15.92,16.64,18.63,18.12,17.64,16.07,19.39
ALLSKY_SFC_SW_DWN,2014,12.5,77.5,19.88,20.98,24.2,23.57,21.9,20.8,16.74,17.27,19.35,17.87,16.85,15.7,19.57
ALLSKY_SFC_SW_DWN,2014,8.5,75.5,20,21.84,22.95,20.76,19.99,17.24,19.34,18.58,20.66,18.19,15.96,15.54,19.24
ALLSKY_SFC_SW_DWN,2014,8.5,76.5,20.16,22.51,23.42,21.28,19.57,18.09,19.17,17.94,20.67,18.36,15.49,15.89,19.36
ALLSKY_SFC_SW_DWN,2014,8.5,77.5,18.18,21.01,21.72,20.93,19.12,19.25,18.7,19.03,19.81,16.59,13.51,14.2,18.49
ALLSKY_SFC_SW_DWN,2014,9.5,75.5,19.78,21.21,23.02,21.93,20.48,16.91,17.39,16.97,20.13,18.09,16.39,16.45,19.05
ALLSKY_SFC_SW_DWN,2014,9.5,76.5,20.34,22.03,23.22,21.61,19.53,16.77,16.08,15.69,19.07,17.67,15.66,16.66,18.67
ALLSKY_SFC_SW_DWN,2014,9.5,77.5,19,21.06,22.7,22.34,19.75,19.98,17.48,17.14,19.18,16.58,13.98,14.16,18.59
ALLSKY_SFC_SW_DWN,2015,10.5,75.5,19.62,22.5,22.74,21.21,18.67,14.87,17.18,20.39,20.43,17.28,16.82,18.33,19.15
ALLSKY_SFC_SW_DWN,2015,10.5,76.5,19.55,22.09,21.96,20.58,17.78,15.83,16.67,17.99,19.47,17.65,15.49,16.85,18.47
ALLSKY_SFC_SW_DWN,2015,10.5,77.5,18.62,22.22,22.24,21.52,19.32,18.97,20.84,21.17,20.39,18.57,13.46,14.68,19.32
ALLSKY_SFC_SW_DWN,2015,11.5,75.5,19.63,22.8,22.56,21.25,18.73,14.63,16.37,18.98,19.61,17.67,16.68,18.34,18.92
ALLSKY_SFC_SW_DWN,2015,11.5,76.5,19.14,23.01,22.56,20.2,18.15,16.63,17.16,18.15,19.15,18.03,14.08,17.07,18.59
ALLSKY_SFC_SW_DWN,2015,11.5,77.5,18.61,23.07,23.2,22.48,20.03,19.78,20.28,20.5,21.04,19.87,13.54,15.74,19.83
ALLSKY_SFC_SW_DWN,2015,12.5,75.5,18.9,22.55,22.03,21.15,18.04,14.03,14.31,15.83,18.24,18.32,15.82,17.97,18.07
ALLSKY_SFC_SW_DWN,2015,12.5,76.5,18.96,23.31,23.04,21.88,19.87,17.6,17.38,19.06,19.66,19.93,14.34,17.45,19.35
ALLSKY_SFC_SW_DWN,2015,12.5,77.5,18.77,23.49,23.43,22.91,20.56,18.87,19.1,19.61,20.22,20.16,13.34,16.85,19.76
ALLSKY_SFC_SW_DWN,2015,8.5,75.5,20.07,21.91,22.89,21.51,17.42,16.64,18.98,21.58,18.77,17.58,15.85,17.21,19.19
ALLSKY_SFC_SW_DWN,2015,8.5,76.5,20.71,22.53,23.73,21.92,16.67,17.25,19.07,21.17,18.59,17.12,16.05,16.83,19.29
ALLSKY_SFC_SW_DWN,2015,8.5,77.5,19.45,21.33,21.58,20.53,18.3,18.72,19.58,20.65,18.19,16.93,15.07,14.37,18.71
ALLSKY_SFC_SW_DWN,2015,9.5,75.5,19.71,21.94,22.78,21.54,18.24,15.87,17.78,20.74,19.87,17.12,16.65,18.15,19.18
ALLSKY_SFC_SW_DWN,2015,9.5,76.5,20.65,22.36,22.97,21.54,17.77,16.63,17.39,19.7,19.37,17.49,16.41,17.78,19.15
ALLSKY_SFC_SW_DWN,2015,9.5,77.5,19.36,22.08,22.31,21.35,19.27,18.62,19.34,20.21,19.18,18.05,14.81,15.02,19.12
ALLSKY_SFC_SW_DWN,2016,10.5,75.5,19.59,21.16,22.59,22.81,19.15,13.18,15.87,20.41,20.52,18.8,16.43,17.5,19
ALLSKY_SFC_SW_DWN,2016,10.5,76.5,19.01,20.81,22.35,21.62,19.03,13.8,15.49,17.28,18.12,17.62,17.61,17.14,18.32
ALLSKY_SFC_SW_DWN,2016,10.5,77.5,18.53,21.23,23.36,23.16,20.7,17.94,18.47,21.11,21.43,18.6,17.56,16.18,19.85
ALLSKY_SFC_SW_DWN,2016,11.5,75.5,19.52,20.98,22.99,23.75,20.31,13.11,15.02,18.52,19.03,19.64,18.09,18.02,19.08
ALLSKY_SFC_SW_DWN,2016,11.5,76.5,18.75,21.59,23.1,23.34,20.01,15,15.51,17.15,17.97,18.84,18.29,17.65,18.92
ALLSKY_SFC_SW_DWN,2016,11.5,77.5,18.58,21.71,23.37,24.27,21.19,17.5,18.25,20.35,19.64,19.93,18.72,17.09,20.04
ALLSKY_SFC_SW_DWN,2016,12.5,75.5,19.04,20.4,22.96,23.76,20.7,13,12.75,15.03,15.94,19.52,19.04,17.8,18.32
ALLSKY_SFC_SW_DWN,2016,12.5,76.5,18.63,21.5,23.6,24.81,21.54,16.26,16.29,17.37,17.63,20.71,19.35,17.7,19.61
ALLSKY_SFC_SW_DWN,2016,12.5,77.5,18.73,22.1,23.71,24.86,21.92,17.19,17.6,19.03,17.9,20.79,19.17,17.28,20.01
ALLSKY_SFC_SW_DWN,2016,8.5,75.5,20.01,21.6,22.8,21.88,16.79,14.56,17.52,20.36,21.93,21.57,16.89,18.38,19.52
ALLSKY_SFC_SW_DWN,2016,8.5,76.5,20.25,22.28,23.53,22.33,17.37,15.19,18.62,21.3,21.67,20.89,16.12,18.03,19.8
ALLSKY_SFC_SW_DWN,2016,8.5,77.5,19.12,20.85,22.45,22.09,18.8,15.98,19.11,21.02,21.52,19.74,15.05,16.76,19.37
ALLSKY_SFC_SW_DWN,2016,9.5,75.5,19.86,21.38,22.62,22.12,17.63,13.31,16.5,20.63,21.12,20.55,16.61,17.68,19.17
ALLSKY_SFC_SW_DWN,2016,9.5,76.5,20.06,21.86,23.27,21.96,18.13,14.04,16.43,19.18,19.62,19.61,17.11,17.61,19.07
ALLSKY_SFC_SW_DWN,2016,9.5,77.5,19.53,21.56,23.65,22.99,19.37,15.93,17.45,19.79,20.08,19.27,16.7,16.77,19.42
ALLSKY_SFC_SW_DWN,2017,10.5,75.5,19.33,22.04,21.78,22.1,18.82,13.08,16.94,16.34,19.53,16.41,17.44,18.21,18.48
ALLSKY_SFC_SW_DWN,2017,10.5,76.5,18.73,22.97,21.74,22.13,19.21,15.01,16.55,15.56,17.65,17.09,16.48,17.95,18.39
ALLSKY_SFC_SW_DWN,2017,10.5,77.5,17.73,22.84,21.48,23.36,20.78,18.9,19.64,17.77,18.62,17.54,14.83,16.49,19.14
ALLSKY_SFC_SW_DWN,2017,11.5,75.5,19.66,22.75,22.59,22.49,19.55,13.81,15.79,15.9,18.73,16.86,17.46,18.54,18.65
ALLSKY_SFC_SW_DWN,2017,11.5,76.5,18.85,23.49,21.52,22.33,19.45,16.1,15.89,15.2,16.82,15.77,15.5,17.75,18.19
ALLSKY_SFC_SW_DWN,2017,11.5,77.5,18.48,23.24,21.99,23.4,21.3,19.22,18.42,17.57,18.55,16.87,15.14,17.02,19.24
ALLSKY_SFC_SW_DWN,2017,12.5,75.5,18.93,22.83,23.16,22.6,19.44,13.63,13.49,13.96,16.47,16.43,17.2,18.3,18
ALLSKY_SFC_SW_DWN,2017,12.5,76.5,18.98,23.56,23.03,23.63,20.95,17.76,16.3,16.68,17.69,17.04,16.39,18.18,19.15
ALLSKY_SFC_SW_DWN,2017,12.5,77.5,18.93,23.65,22.9,23.63,21.9,19.18,17.09,17.04,17.89,16.86,15.47,17.69,19.32
ALLSKY_SFC_SW_DWN,2017,8.5,75.5,19.43,21.42,22.33,22.7,18.03,16.24,18.81,17.78,19.2,17.36,16.99,18.57,19.06
ALLSKY_SFC_SW_DWN,2017,8.5,76.5,19.12,22.39,22.63,23.19,18.73,16.48,19.59,19.04,19.57,17.59,16.16,18.52,19.4
ALLSKY_SFC_SW_DWN,2017,8.5,77.5,17.81,21.83,20.97,22.69,19.29,18.13,20.17,19.21,18.84,17.08,14.58,16.5,18.9
ALLSKY_SFC_SW_DWN,2017,9.5,75.5,18.9,21.24,21.62,22.04,18.02,14.79,18.13,17.32,19.34,16.7,17.56,18.11,18.63
ALLSKY_SFC_SW_DWN,2017,9.5,76.5,19.36,23.05,22.71,22.34,18.72,14.95,18.01,16.76,18.2,18.09,17.3,18.7,18.99
ALLSKY_SFC_SW_DWN,2017,9.5,77.5,17.88,22.68,21.13,22.7,19.74,17.39,18.08,16.74,17.54,17.62,15.41,17.11,18.64
ALLSKY_SFC_SW_DWN,2018,10.5,75.5,18.78,22.21,22.49,22.14,18.05,12.91,15.68,16.71,22.37,18.1,18.16,16.68,18.66
ALLSKY_SFC_SW_DWN,2018,10.5,76.5,18.96,22.69,22.1,21.74,18.36,14.07,13.88,14.44,21.52,18.02,17.02,16.68,18.25
ALLSKY_SFC_SW_DWN,2018,10.5,77.5,18.31,22.5,21.97,22.25,19.85,18.02,17.33,17.33,21.58,17.39,15.09,15.6,18.9
ALLSKY_SFC_SW_DWN,2018,11.5,75.5,19.36,22.53,22.93,22.49,18.69,12.56,14.27,14.63,22.62,19.17,18.87,17.03,18.73
ALLSKY_SFC_SW_DWN,2018,11.5,76.5,18.89,22.88,22.39,21.79,18.81,14.25,13.21,13.49,20.77,18.59,17.04,16.13,18.14
ALLSKY_SFC_SW_DWN,2018,11.5,77.5,18.71,23.04,22.82,23.03,21.11,17.59,16.52,16.37,21.38,18.73,16.09,16.17,19.26
ALLSKY_SFC_SW_DWN,2018,12.5,75.5,19.36,22.33,22.67,22.32,18.85,12.09,11.99,12.06,20.93,19.2,18.46,16.89,18.06
ALLSKY_SFC_SW_DWN,2018,12.5,76.5,19.45,23.04,23.35,23.13,20.79,16.43,14.93,14.83,20.87,19.73,17.6,16.48,19.19
ALLSKY_SFC_SW_DWN,2018,12.5,77.5,19.34,23.25,23.55,23.62,21.33,17.68,15.74,15.57,20.7,19.63,17.11,16.41,19.46
ALLSKY_SFC_SW_DWN,2018,8.5,75.5,18.24,21.54,21.83,21.54,15.65,15.86,17.79,17.58,21.79,16.75,17.33,17.36,18.57
ALLSKY_SFC_SW_DWN,2018,8.5,76.5,18.53,23,22.28,22.03,16.63,15.94,17.61,17.68,21.85,17.38,17.02,17.46,18.91
ALLSKY_SFC_SW_DWN,2018,8.5,77.5,18.12,22.02,21.55,21.06,17.58,17.39,17.66,17.67,21.52,16.55,15.33,16.12,18.52
ALLSKY_SFC_SW_DWN,2018,9.5,75.5,18.56,21.68,21.77,21.61,17.06,13.87,16.58,17.39,22.28,17.42,17.56,17.31,18.56
ALLSKY_SFC_SW_DWN,2018,9.5,76.5,19.32,23.28,22.68,22.38,17.93,13.89,14.78,15.86,21.93,18.59,17.89,17.7,18.81
ALLSKY_SFC_SW_DWN,2018,9.5,77.5,18.34,22.15,21.47,22.05,18.89,16.41,15.77,15.8,20.75,16.91,15.64,15.79,18.3
ALLSKY_SFC_SW_DWN,2019,10.5,75.5,19.82,22.05,24.06,23.78,21.3,17.53,15.65,13.59,18,17.78,18.74,17.32,19.11
ALLSKY_SFC_SW_DWN,2019,10.5,76.5,19.85,21.58,23.55,22.67,20.65,17.21,15.85,13.45,16.73,17.18,17.59,16.86,18.57
ALLSKY_SFC_SW_DWN,2019,10.5,77.5,19.31,21.12,24.15,23.34,21.86,20.1,18.7,17.09,18.15,17.07,16.18,14.32,19.27
ALLSKY_SFC_SW_DWN,2019,11.5,75.5,20.99,22.65,24.45,23.87,21.96,17.46,15.03,13.58,17.34,17.5,19.15,17.74,19.28
ALLSKY_SFC_SW_DWN,2019,11.5,76.5,20.44,22.17,24.08,22.99,21.4,17.86,15.49,13.38,16.16,16.15,16.65,15.98,18.53
ALLSKY_SFC_SW_DWN,2019,11.5,77.5,20.11,21.97,24.55,23.89,22.27,20.47,18.38,16.31,17.81,17.27,16.66,14.75,19.51
ALLSKY_SFC_SW_DWN,2019,12.5,75.5,20.78,22.62,24.3,23.46,22.06,16.69,13.39,12.1,14.85,16.15,18.51,16.98,18.46
ALLSKY_SFC_SW_DWN,2019,12.5,76.5,20.44,22.65,24.58,24.07,22.66,19.91,17.12,14.75,17.05,17.03,17.47,15.82,19.43
ALLSKY_SFC_SW_DWN,2019,12.5,77.5,20.44,22.43,24.72,24.07,22.9,20.41,17.84,15.52,17.74,17.58,16.87,15.12,19.61
ALLSKY_SFC_SW_DWN,2019,8.5,75.5,20.57,22.23,23.53,22.27,21.1,16.96,17.44,16.08,18.21,16.03,19.56,17.66,19.28
ALLSKY_SFC_SW_DWN,2019,8.5,76.5,20.81,22.17,24.23,22.79,21.07,17.71,17.83,16.47,18.72,16.17,19.56,17.39,19.55
ALLSKY_SFC_SW_DWN,2019,8.5,77.5,19.51,20.49,23.45,21.84,21.05,18.24,18.24,16.56,18.68,15.55,17.04,14.85,18.78
ALLSKY_SFC_SW_DWN,2019,9.5,75.5,19.88,22.02,23.46,23.22,20.83,17.57,16.26,14.21,17.66,16.64,19.14,17.73,19.02
ALLSKY_SFC_SW_DWN,2019,9.5,76.5,20.74,22.65,24.33,23.18,20.45,17.64,16.94,14.46,17.75,17.8,19.25,17.78,19.39
ALLSKY_SFC_SW_DWN,2019,9.5,77.5,19.69,20.74,24.02,22.69,20.68,18.96,17.2,15.67,17.5,16.23,17.23,14.84,18.77
ALLSKY_SFC_SW_DWN,2020,10.5,75.5,20.46,21.8,23.07,22.46,18.82,14.05,15.15,17.1,16.58,18.92,18.33,17.32,18.66
ALLSKY_SFC_SW_DWN,2020,10.5,76.5,20.49,21.87,22.55,22.05,19.56,16.23,15.71,16.47,14.59,17.92,17.4,15.97,18.39
ALLSKY_SFC_SW_DWN,2020,10.5,77.5,19.13,20.96,22.4,22.71,20.74,19.04,18.45,18.61,17.22,18.52,15.08,13.48,18.85
ALLSKY_SFC_SW_DWN,2020,11.5,75.5,20.6,22.33,24.02,22.98,20.05,14.3,14.56,15.84,15.77,18.93,18.57,18,18.82
ALLSKY_SFC_SW_DWN,2020,11.5,76.5,20.15,22.22,22.44,22.5,20.08,16.61,15.31,15.87,14.89,17.22,16.32,15.82,18.27
ALLSKY_SFC_SW_DWN,2020,11.5,77.5,19.52,21.69,22.8,23.18,21.81,19.36,18.02,18.02,16.77,18.11,15.63,14.64,19.12
ALLSKY_SFC_SW_DWN,2020,12.5,75.5,20.06,21.92,23.66,23.18,20.64,14.74,13.47,13.29,14.07,16.3,17.88,17.79,18.07
ALLSKY_SFC_SW_DWN,2020,12.5,76.5,20.01,22.07,23.17,23.44,22.08,18.22,16.57,15.89,15.88,17.15,16.48,16.05,18.9
ALLSKY_SFC_SW_DWN,2020,12.5,77.5,19.86,22.3,23.35,23.68,22.59,19.58,17.75,16.61,16.09,17.04,15.75,15.73,19.18
ALLSKY_SFC_SW_DWN,2020,8.5,75.5,20.96,22.13,23.16,22.19,17.69,15.53,15.85,19.19,16.99,19.85,17.88,16.64,19
ALLSKY_SFC_SW_DWN,2020,8.5,76.5,21.51,22.39,23.68,23.48,18.25,17.19,17.63,19.15,16.94,19.37,17.85,16.25,19.46
ALLSKY_SFC_SW_DWN,2020,8.5,77.5,19.75,20.82,22.14,21.85,18.43,19.07,18.18,18.73,16.65,19.37,15.84,14.22,18.75
ALLSKY_SFC_SW_DWN,2020,9.5,75.5,20.73,21.75,23.06,22.32,18.34,14.64,15.93,18.03,16.36,19.31,18.34,16.97,18.81
ALLSKY_SFC_SW_DWN,2020,9.5,76.5,21.54,22.7,23.8,23.36,18.51,16.4,16.68,17.25,15.4,18.99,18.23,16.73,19.12
ALLSKY_SFC_SW_DWN,2020,9.5,77.5,19.61,20.9,22.61,22.19,19.42,18.51,17.24,17.7,15.65,17.96,15.64,13.8,18.43
ALLSKY_SFC_SW_DWN,2021,10.5,75.5,17.89,22.42,22.85,20.27,16.91,17.54,16.25,16.79,18.1,15.16,14.39,18.67,18.07
ALLSKY_SFC_SW_DWN,2021,10.5,76.5,17.06,22.08,23.61,20.35,17.74,17.76,14.89,16.13,16.77,14.59,13.43,18.05,17.68
ALLSKY_SFC_SW_DWN,2021,10.5,77.5,14.53,21.6,23.97,21.3,20.25,19.96,17.35,18.1,18.4,15.88,12.37,16.21,18.3
ALLSKY_SFC_SW_DWN,2021,11.5,75.5,18.17,22.65,23.06,21.23,17.44,16.89,15.08,16.63,17.97,16.37,13.98,19.05,18.18
ALLSKY_SFC_SW_DWN,2021,11.5,76.5,16.3,21.71,23.85,20.32,18.49,17.83,14.22,15.22,16.48,14.63,11.89,17.09,17.31
ALLSKY_SFC_SW_DWN,2021,11.5,77.5,15.31,22.12,24.66,21.92,20.96,19.59,16.75,17.51,18.36,16.01,11.9,16.19,18.42
ALLSKY_SFC_SW_DWN,2021,12.5,75.5,17.91,21.93,23.17,21.21,17.38,16,13.06,14.51,16.03,16.29,13.29,18.31,17.39
ALLSKY_SFC_SW_DWN,2021,12.5,76.5,17.06,21.87,24.44,21.87,20.49,18.97,15.83,16.75,17.5,16.15,12.71,16.84,18.35
ALLSKY_SFC_SW_DWN,2021,12.5,77.5,16.54,22.28,24.89,22.41,21.47,19.76,16.49,17.64,18.02,16.11,11.83,15.93,18.59
ALLSKY_SFC_SW_DWN,2021,8.5,75.5,17.17,22.15,23.03,20.62,16.27,18.62,17.86,18.2,19.59,16.22,14.48,19.94,18.65
ALLSKY_SFC_SW_DWN,2021,8.5,76.5,17.51,22.72,23.35,21.6,17.12,19.49,18.68,18.28,19.37,16.29,14.17,19.41,18.97
ALLSKY_SFC_SW_DWN,2021,8.5,77.5,15.49,21.85,22.36,21.14,17.47,20.18,19.33,18.8,19.41,15.67,13.14,17.41,18.49
ALLSKY_SFC_SW_DWN,2021,9.5,75.5,17.81,21.9,22.95,20.64,16.62,18.09,16.33,17.03,18.48,15.95,14.46,19.61,18.3
ALLSKY_SFC_SW_DWN,2021,9.5,76.5,17.92,23.05,23.88,21.08,17.37,18.76,16.24,16.68,17.74,15.68,13.77,19.65,18.45
ALLSKY_SFC_SW_DWN,2021,9.5,77.5,15.19,22,23.45,20.48,18.48,19.06,16.12,16.4,17.07,15.09,12.5,17.63,17.76
ALLSKY_SFC_SW_DWN,2022,10.5,75.5,20.14,21.34,22.16,20.75,13.85,16.44,15.74,17.64,20.83,18.5,16.51,16.45,18.33
ALLSKY_SFC_SW_DWN,2022,10.5,76.5,19.47,20.98,21.71,19.67,15.42,17.78,14.51,15.79,18.69,17.06,15.4,15.9,17.67
ALLSKY_SFC_SW_DWN,2022,10.5,77.5,17.63,19.9,21.53,20.6,18.62,20.19,17.15,18.12,20.55,16.57,14.11,14.91,18.3
ALLSKY_SFC_SW_DWN,2022,11.5,75.5,20.7,22.13,22.31,20.92,15.22,16.74,13.94,16.4,19.78,18.73,16.77,17.04,18.36
ALLSKY_SFC_SW_DWN,2022,11.5,76.5,18.69,21,21.24,20.33,16.06,17.94,13.49,15.32,17.75,16,14.7,15.93,17.34
ALLSKY_SFC_SW_DWN,2022,11.5,77.5,17.78,21.26,21.44,21.91,18.81,20.11,16.43,17.7,19.07,17.12,14.43,15.14,18.41
ALLSKY_SFC_SW_DWN,2022,12.5,75.5,20.15,21.77,21.63,20.65,15.78,16.06,11.97,14.07,16.88,17.31,16.07,16.81,17.39
ALLSKY_SFC_SW_DWN,2022,12.5,76.5,18.98,21.73,22.36,22.58,17.99,19.29,14.71,16.16,17.75,16.91,15.25,16.13,18.29
ALLSKY_SFC_SW_DWN,2022,12.5,77.5,18.49,21.93,21.96,22.8,18.91,20.31,15.55,16.31,17.79,16.66,14.6,15.52,18.37
ALLSKY_SFC_SW_DWN,2022,8.5,75.5,20.51,20.35,22.21,20.67,15.77,17.41,17.24,17.63,20.97,17.64,16.95,16.93,18.67
ALLSKY_SFC_SW_DWN,2022,8.5,76.5,21,21.15,22.79,20.79,17.09,18.36,17.77,17.62,20.8,18.1,16.61,16.36,19.02
ALLSKY_SFC_SW_DWN,2022,8.5,77.5,18.76,19.77,22.1,19.94,18.44,19.73,17.58,17.86,21.23,17.7,15.64,14.9,18.62
ALLSKY_SFC_SW_DWN,2022,9.5,75.5,20.37,20.6,22.03,20.15,14.24,17.16,16.57,17,20.73,18.51,17.11,17.09,18.44
ALLSKY_SFC_SW_DWN,2022,9.5,76.5,21.01,21.77,22.67,20.61,16.06,17.94,15.61,15.88,20.2,18.68,16.9,17.14,18.68
ALLSKY_SFC_SW_DWN,2022,9.5,77.5,18.6,19.81,22.16,20.27,18.06,18.43,15.71,16.29,20.26,17,15.47,15.19,18.08
ALLSKY_SFC_SW_DWN,2023,10.5,75.5,19.49,21.99,23.35,23.92,20.9,13.87,14.46,21.6,15.7,17.61,16.6,16.99,18.86
ALLSKY_SFC_SW_DWN,2023,10.5,76.5,19.6,22.48,22.79,22.78,19.75,16.73,14.45,20.68,15.8,17.34,16.6,16.26,18.75
ALLSKY_SFC_SW_DWN,2023,10.5,77.5,18.78,22.01,22.25,22.83,20.66,20.41,17.5,22.15,18.72,17.54,14.55,13.47,19.22
ALLSKY_SFC_SW_DWN,2023,11.5,75.5,20.42,22.65,24.11,23.87,21.67,15.29,13.3,20.94,16.02,18.18,16.92,17.22,19.2
ALLSKY_SFC_SW_DWN,2023,11.5,76.5,20.03,22.9,22.54,22.38,19.91,17.87,13.81,18.97,16.3,16.97,15.67,15.27,18.52
ALLSKY_SFC_SW_DWN,2023,11.5,77.5,19.32,22.53,22.9,23.19,21.07,20.08,16.38,20.61,18.67,18.42,15.15,13.89,19.32
ALLSKY_SFC_SW_DWN,2023,12.5,75.5,20.2,22.84,23.84,23.99,21.29,16.18,11.12,18.47,14.99,17.65,16.4,16.85,18.63
ALLSKY_SFC_SW_DWN,2023,12.5,76.5,20.36,23.55,23.51,23.66,21.87,19.45,14.82,19.68,17.35,18.54,16.11,15.49,19.5
ALLSKY_SFC_SW_DWN,2023,12.5,77.5,19.93,23.14,23.28,23.92,21.62,20.42,15.42,19.88,18.21,18.47,15.44,14.75,19.51
ALLSKY_SFC_SW_DWN,2023,8.5,75.5,19.42,21.37,22.94,22.49,20.11,15.32,18.2,22.11,15.4,17.25,16.25,17.23,19.01
ALLSKY_SFC_SW_DWN,2023,8.5,76.5,19.99,22.1,23.29,23.04,20.62,16.67,18.29,22.25,16.23,17.91,16.47,17.47,19.52
ALLSKY_SFC_SW_DWN,2023,8.5,77.5,18.38,21.39,21.4,21.53,20.53,20.43,18.46,22.15,17.6,17.04,14.89,14.31,18.99
ALLSKY_SFC_SW_DWN,2023,9.5,75.5,19.25,21.15,23.3,23.48,20.39,14.38,16.3,22.04,15.13,17.65,16.75,17.19,18.92
ALLSKY_SFC_SW_DWN,2023,9.5,76.5,20.52,22.26,23.89,23.56,20.42,16.32,15.96,21.66,15.51,18.44,17.58,17.79,19.48
ALLSKY_SFC_SW_DWN,2023,9.5,77.5,18.96,21.68,22,22.04,20.42,19.17,16.47,21.61,16.73,16.77,15.38,14.47,18.79
ALLSKY_SFC_SW_DWN,2024,10.5,75.5,18.22,23.04,22.95,22.85,15.43,13.97,12.08,17.72,20.44,16.88,16.8,16.53,18.04
ALLSKY_SFC_SW_DWN,2024,10.5,76.5,18.44,22.57,23.44,22.78,16.38,15.08,12.87,16.68,19.19,16.54,16.43,16.04,18.01
ALLSKY_SFC_SW_DWN,2024,10.5,77.5,16.52,21.76,23.8,23.63,18.29,18.49,16.1,18.9,21.24,16.67,14.29,14.88,18.69
ALLSKY_SFC_SW_DWN,2024,11.5,75.5,18.19,23.21,23.74,23.81,16.6,14.04,10.66,16.51,19.18,16.75,17.62,16.94,18.07
ALLSKY_SFC_SW_DWN,2024,11.5,76.5,17.09,22.88,23.42,24.01,16.6,15.87,12.33,15.78,17.92,15.21,15.51,15.38,17.63
ALLSKY_SFC_SW_DWN,2024,11.5,77.5,16.77,22.16,23.88,24.75,18.67,18.85,15.19,18.64,19.56,16.46,14.63,14.72,18.66
ALLSKY_SFC_SW_DWN,2024,12.5,75.5,17.67,23.05,23.22,23.63,17.58,13.7,9.6,13.77,16.14,15.73,16.82,15.89,17.2
ALLSKY_SFC_SW_DWN,2024,12.5,76.5,17.01,23.2,23.9,25.11,19.32,17.73,13.51,16.77,17.95,16.28,15.41,15.17,18.41
ALLSKY_SFC_SW_DWN,2024,12.5,77.5,17.51,22.89,24.17,25.35,19.33,18.93,14.27,17.68,18.32,16.21,14.9,14.27,18.62
ALLSKY_SFC_SW_DWN,2024,8.5,75.5,18.05,22.69,23.01,21.8,13.74,15.37,14.62,18.41,20.52,15.93,15.77,18.03,18.13
ALLSKY_SFC_SW_DWN,2024,8.5,76.5,19,23.12,23.79,22.53,14.32,15.86,15.23,18.92,20.45,16.54,15.51,17.56,18.54
ALLSKY_SFC_SW_DWN,2024,8.5,77.5,17.02,20.96,23.44,21.49,16.26,17.34,16.56,19.23,20.63,17.3,13.64,15.81,18.29
ALLSKY_SFC_SW_DWN,2024,9.5,75.5,18.07,22.76,23.04,22.58,14.16,14.03,13.7,17.55,20.31,16.99,16.33,17.55,18.06
ALLSKY_SFC_SW_DWN,2024,9.5,76.5,19.58,23.81,24.31,23.29,15.6,15.02,14.04,17.28,19.45,17.65,16.62,17.3,18.64
ALLSKY_SFC_SW_DWN,2024,9.5,77.5,17.34,22.05,24,22.62,16.87,16.69,14.88,17.31,19.63,16.45,14.34,15.54,18.12
ALLSKY_SFC_SW_DWN,2025,10.5,75.5,18.95,22.31,22.12,21.63,16.25,,,,,,,,
ALLSKY_SFC_SW_DWN,2025,10.5,76.5,18.83,23.24,22.12,20.6,16.55,,,,,,,,
ALLSKY_SFC_SW_DWN,2025,10.5,77.5,16.74,22.89,22.22,21.55,18.24,,,,,,,,
ALLSKY_SFC_SW_DWN,2025,11.5,75.5,19.98,22.6,22.58,22.05,16.88,,,,,,,,
ALLSKY_SFC_SW_DWN,2025,11.5,76.5,19.28,23.53,22.31,20.62,16.59,,,,,,,,
ALLSKY_SFC_SW_DWN,2025,11.5,77.5,17.82,23.43,22.72,22.31,18.7,,,,,,,,
ALLSKY_SFC_SW_DWN,2025,12.5,75.5,19.92,22.68,22.39,21.67,16.76,,,,,,,,
ALLSKY_SFC_SW_DWN,2025,12.5,76.5,19.58,23.68,23.79,23.04,18.6,,,,,,,,
ALLSKY_SFC_SW_DWN,2025,12.5,77.5,18.84,23.71,23.58,22.79,19.3,,,,,,,,
ALLSKY_SFC_SW_DWN,2025,8.5,75.5,18.75,22.58,21.3,19.98,17.51,,,,,,,,
ALLSKY_SFC_SW_DWN,2025,8.5,76.5,19.05,23.46,21.61,21.24,17.18,,,,,,,,
ALLSKY_SFC_SW_DWN,2025,8.5,77.5,15.89,22.08,20.74,19.88,17.98,,,,,,,,
ALLSKY_SFC_SW_DWN,2025,9.5,75.5,19.02,22.03,21.34,20.96,16.7,,,,,,,,
ALLSKY_SFC_SW_DWN,2025,9.5,76.5,19.27,23.9,22.37,21.43,17.24,,,,,,,,
ALLSKY_SFC_SW_DWN,2025,9.5,77.5,16.45,22.67,21.21,20.21,17.46,,,,,,,,
